,,Column Labels,,,,,,,,,,,,,,,,,,,,,,,,,,,,,,,,,,,,,,,,,,,,,,,,,,,,,,,,,,,,,,,,,,,,,,,,,,,,,,,,,,,,,,,,,,,,,,,,,,,,,,,,,,,,,,,,,,,,,,,,,,,,,,,,,,,,,,,,,,,,,,,,,,,,,,,,,,,,,,,,,,,,,,,,,,,,,,,,,,,,,,,,,,,,,,,,,,,,,,,,,,,,,,,,,,,,,,,,,,,,,,,,,,,,,,,,,,,,,,,,,,,,,,,,,,,,,,,,,,,,,,,,,,,,,,,
,,Parinche,,Pimpode,,Shirala,,Sikandar Takali,,VetZone Ainapur,,VetZone Ajara,,VetZone Akole,,VetZone Alephata,,VetZone Ambajogai,,VetZone Ashta-2,,VetZone Ashti Beed,,VetZone Atpadi,,VetZone Bachani 2,,VetZone Bailhongal,,VetZone Bambvade,,VetZone Bedag,,VetZone Beedshed,,VetZone Belhe,,VetZone Bhalwani,,VetZone Bhavani nagar,,VetZone Bhivghat,,VetZone Bijawadi,,VetZone Chas,,VetZone Chichondi Patil,,VetZone Dafalapur,,VetZone Dahiwadi,,VetZone Daund,,VetZone Dighanchi,,VetZone Fakrabad,,VetZone Gadhinglaj,,VetZone Ghargaon,,VetZone Gokhali,,VetZone Hamidwada,,VetZone Hindalga,,VetZone Indapur,,VetZone Islampur,,VetZone Jambut,,VetZone Jejuri,,VetZone Junner,,VetZone Kadepur,,VetZone Kalaj,,VetZone Kapurthala,,VetZone Karad,,VetZone Kashti,,VetZone Khatangale,,VetZone Khed,,VetZone Khed Shivapur,,VetZone Kodoli,,VetZone Kolhapur,,VetZone Koparde,,VetZone Kopargaon,,VetZone Koregaon,,VetZone Kotoli,,VetZone Kurduwadi,,VetZone Lonand,,VetZone Mahud,,VetZone Malegaon,,VetZone Malshiras,,VetZone Malwadi,,VetZone Manchar,,VetZone Mandavgan farata,,VetZone Manerajuri,,VetZone Mangaon,,VetZone Manjari,,VetZone Mardi,,VetZone Masur,,VetZone Mayani,,VetZone Mhasurli,,VetZone Mhswad,,VetZone Mirajgaon,,VetZone Mohi,,VetZone Mudhal titta,,VetZone Murti,,VetZone Nandurshingote,,VetZone Nanibai Chikhali,,VetZone Natepute,,VetZone Newasa,,VetZone Nimgaon Ketki,,VetZone Nimgaonjali,,VetZone Omerga,,VetZone Otur,,VetZone Pachwad,,VetZone Palashi,,VetZone Palus,,VetZone Pargaon,,VetZone Parite,,VetZone Parner,,VetZone Parwadi,,VetZone Pathrud,,VetZone Phaltan,,VetZone Phondshiras,,VetZone Pohegaon,,VetZone Porle,,VetZone Pusegaon,,VetZone Rahata,,VetZone Rahimatpur,,VetZone Rahuri,,VetZone Rashin,,VetZone Salgare,,VetZone Sambargi,,VetZone Sangamner 2,,VetZone Sangav,,VetZone Sangola,,VetZone Sankeshwar,,VetZone Saswad,,VetZone Satara,,VetZone Shikrapur,,VetZone Shinde palse,,VetZone Shirol,,VetZone Shirur,,VetZone Shirwal,,VetZone Shrirampur,,VetZone Siddhanerli,,VetZone Sinner,,VetZone Sonai,,VetZone Supe,,VetZone Supe-Parner,,VetZone Taklibhan,,VetZone Talegaon Dighe,,VetZone Talmavale,,VetZone Tambvephata,,VetZone Thrissur,,VetZone Tisgaon,,VetZone Umbraj,,VetZone Vaduj,,VetZone Vaijapur,,VetZone Vambhori,,VetZone Varvand,,VetZone Vasunde,,VetZone Vinchur,,VetZone Wafale,,VetZone Wai,,VetZone Wakadi,,VetZone Yeola,,VtZone Nighoj,,Total Sale Quantity,Total Sale Amount
Product Name,sku,Sale Quantity,Sale Amount,Sale Quantity,Sale Amount,Sale Quantity,Sale Amount,Sale Quantity,Sale Amount,Sale Quantity,Sale Amount,Sale Quantity,Sale Amount,Sale Quantity,Sale Amount,Sale Quantity,Sale Amount,Sale Quantity,Sale Amount,Sale Quantity,Sale Amount,Sale Quantity,Sale Amount,Sale Quantity,Sale Amount,Sale Quantity,Sale Amount,Sale Quantity,Sale Amount,Sale Quantity,Sale Amount,Sale Quantity,Sale Amount,Sale Quantity,Sale Amount,Sale Quantity,Sale Amount,Sale Quantity,Sale Amount,Sale Quantity,Sale Amount,Sale Quantity,Sale Amount,Sale Quantity,Sale Amount,Sale Quantity,Sale Amount,Sale Quantity,Sale Amount,Sale Quantity,Sale Amount,Sale Quantity,Sale Amount,Sale Quantity,Sale Amount,Sale Quantity,Sale Amount,Sale Quantity,Sale Amount,Sale Quantity,Sale Amount,Sale Quantity,Sale Amount,Sale Quantity,Sale Amount,Sale Quantity,Sale Amount,Sale Quantity,Sale Amount,Sale Quantity,Sale Amount,Sale Quantity,Sale Amount,Sale Quantity,Sale Amount,Sale Quantity,Sale Amount,Sale Quantity,Sale Amount,Sale Quantity,Sale Amount,Sale Quantity,Sale Amount,Sale Quantity,Sale Amount,Sale Quantity,Sale Amount,Sale Quantity,Sale Amount,Sale Quantity,Sale Amount,Sale Quantity,Sale Amount,Sale Quantity,Sale Amount,Sale Quantity,Sale Amount,Sale Quantity,Sale Amount,Sale Quantity,Sale Amount,Sale Quantity,Sale Amount,Sale Quantity,Sale Amount,Sale Quantity,Sale Amount,Sale Quantity,Sale Amount,Sale Quantity,Sale Amount,Sale Quantity,Sale Amount,Sale Quantity,Sale Amount,Sale Quantity,Sale Amount,Sale Quantity,Sale Amount,Sale Quantity,Sale Amount,Sale Quantity,Sale Amount,Sale Quantity,Sale Amount,Sale Quantity,Sale Amount,Sale Quantity,Sale Amount,Sale Quantity,Sale Amount,Sale Quantity,Sale Amount,Sale Quantity,Sale Amount,Sale Quantity,Sale Amount,Sale Quantity,Sale Amount,Sale Quantity,Sale Amount,Sale Quantity,Sale Amount,Sale Quantity,Sale Amount,Sale Quantity,Sale Amount,Sale Quantity,Sale Amount,Sale Quantity,Sale Amount,Sale Quantity,Sale Amount,Sale Quantity,Sale Amount,Sale Quantity,Sale Amount,Sale Quantity,Sale Amount,Sale Quantity,Sale Amount,Sale Quantity,Sale Amount,Sale Quantity,Sale Amount,Sale Quantity,Sale Amount,Sale Quantity,Sale Amount,Sale Quantity,Sale Amount,Sale Quantity,Sale Amount,Sale Quantity,Sale Amount,Sale Quantity,Sale Amount,Sale Quantity,Sale Amount,Sale Quantity,Sale Amount,Sale Quantity,Sale Amount,Sale Quantity,Sale Amount,Sale Quantity,Sale Amount,Sale Quantity,Sale Amount,Sale Quantity,Sale Amount,Sale Quantity,Sale Amount,Sale Quantity,Sale Amount,Sale Quantity,Sale Amount,Sale Quantity,Sale Amount,Sale Quantity,Sale Amount,Sale Quantity,Sale Amount,Sale Quantity,Sale Amount,Sale Quantity,Sale Amount,Sale Quantity,Sale Amount,Sale Quantity,Sale Amount,Sale Quantity,Sale Amount,Sale Quantity,Sale Amount,Sale Quantity,Sale Amount,Sale Quantity,Sale Amount,Sale Quantity,Sale Amount,Sale Quantity,Sale Amount,Sale Quantity,Sale Amount,Sale Quantity,Sale Amount,Sale Quantity,Sale Amount,Sale Quantity,Sale Amount,Sale Quantity,Sale Amount,Sale Quantity,Sale Amount,Sale Quantity,Sale Amount,Sale Quantity,Sale Amount,Sale Quantity,Sale Amount,Sale Quantity,Sale Amount,Sale Quantity,Sale Amount,Sale Quantity,Sale Amount,Sale Quantity,Sale Amount,Sale Quantity,Sale Amount,Sale Quantity,Sale Amount,Sale Quantity,Sale Amount,Sale Quantity,Sale Amount,Sale Quantity,Sale Amount,Sale Quantity,Sale Amount,Sale Quantity,Sale Amount,Sale Quantity,Sale Amount,Sale Quantity,Sale Amount,Sale Quantity,Sale Amount,Sale Quantity,Sale Amount,,
BESTCALF,,4,3600,7,14500,15,13500,18,20300,,,6,5400,12,10800,9,16300,4,3600,12,14900,6,17700,9,8100,17,15300,3,2700,14,12600,14,16700,14,12600,10,9000,24,33900,9,8100,9,12200,5,8600,1,900,12,10800,14,12600,18,16200,5,4500,1,900,20,18000,13,11700,11,14000,3,2700,8,7200,4,3600,26,23400,30,31100,10,13100,11,14000,8,7200,13,11700,8,15400,,,17,15300,16,14400,5,4500,13,19900,7,6300,10,9000,12,10800,,,10,9000,28,25200,13,11700,19,25300,12,10800,4,3600,6,17700,35,35600,6,5400,17,27600,10,13100,29,26100,16,18500,8,7200,11,14000,11,9900,20,18000,11,14000,10,9000,4,7700,1,5000,13,15800,6,13600,21,18900,2,1800,14,16700,7,6300,3,2700,10,21300,11,14000,11,14000,19,17100,4,3600,19,17100,9,8100,15,13500,21,18900,27,28400,10,9000,21,39400,1,5000,1,900,12,10800,1,900,2,1800,1,900,7,10400,8,7200,23,24800,5,4500,17,31700,10,13100,44,51900,7,6300,6,9500,19,17100,13,19900,4,7700,38,42400,9,12200,21,18900,10,13100,15,17600,7,10400,,,8,7200,12,10800,5,8600,4,7700,2,1800,24,21600,2,1800,2,5900,17,19400,13,11700,10,9000,3,2700,16,22600,16,18500,7,6300,16,14400,5,8600,5,8600,13,19900,1,900,1503,1701200
,25 KG,,,2,10000,,,1,5000,,,,,,,2,10000,,,1,5000,3,15000,,,,,,,,,1,5000,,,,,3,15000,,,1,5000,1,5000,,,,,,,,,,,,,,,,,1,5000,,,,,,,,,1,5000,1,5000,1,5000,,,,,2,10000,,,,,,,,,2,10000,,,,,,,,,,,,,,,2,10000,,,,,3,15000,1,5000,,,3,15000,1,5000,,,1,5000,,,1,5000,,,,,1,5000,,,1,5000,1,5000,1,5000,2,10000,,,,,1,5000,,,,,3,15000,1,5000,1,5000,,,,,,,,,,,,,1,5000,,,5,25000,1,5000,,,,,,,,,,,1,5000,,,1,5000,,,4,20000,1,5000,3,15000,,,1,5000,,,2,10000,1,5000,2,10000,1,5000,,,1,5000,1,5000,1,5000,,,,,,,1,5000,1,5000,,,,,,,1,5000,1,5000,,,,,,,2,10000,1,5000,,,,,1,5000,1,5000,2,10000,,,85,425000
,3 KG,4,3600,5,4500,15,13500,17,15300,,,6,5400,12,10800,7,6300,4,3600,11,9900,3,2700,9,8100,17,15300,3,2700,14,12600,13,11700,14,12600,10,9000,21,18900,9,8100,8,7200,4,3600,1,900,12,10800,14,12600,18,16200,5,4500,1,900,20,18000,13,11700,10,9000,3,2700,8,7200,4,3600,26,23400,29,26100,9,8100,10,9000,8,7200,13,11700,6,5400,,,17,15300,16,14400,5,4500,11,9900,7,6300,10,9000,12,10800,,,10,9000,28,25200,13,11700,17,15300,12,10800,4,3600,3,2700,34,30600,6,5400,14,12600,9,8100,29,26100,15,13500,8,7200,10,9000,11,9900,20,18000,10,9000,10,9000,3,2700,,,12,10800,4,3600,21,18900,2,1800,13,11700,7,6300,3,2700,7,6300,10,9000,10,9000,19,17100,4,3600,19,17100,9,8100,15,13500,21,18900,26,23400,10,9000,16,14400,,,1,900,12,10800,1,900,2,1800,1,900,6,5400,8,7200,22,19800,5,4500,13,11700,9,8100,41,36900,7,6300,5,4500,19,17100,11,9900,3,2700,36,32400,8,7200,21,18900,9,8100,14,12600,6,5400,,,8,7200,12,10800,4,3600,3,2700,2,1800,24,21600,2,1800,1,900,16,14400,13,11700,10,9000,3,2700,14,12600,15,13500,7,6300,16,14400,4,3600,4,3600,11,9900,1,900,1418,1276200
BETAFERT,,,,10,3500,15,5250,26,9100,,,13,4550,3,1050,12,4200,,,,,5,1750,2,700,1,350,1,350,1,350,14,4900,8,2800,5,1750,14,4900,1,350,2,700,3,1050,,,,,1,350,10,3500,2,700,1,350,4,1400,19,6650,11,3850,2,700,4,1400,2,700,1,350,5,1750,12,4200,2,700,25,8750,3,1050,7,2450,,,,,,,,,15,5250,7,2450,2,700,6,2100,,,6,2100,4,1400,,,5,1750,3,1050,,,,,27,9450,5,1750,28,9800,20,7000,2,700,2,700,2,700,4,1400,16,5600,4,1400,11,3850,3,1050,,,1,350,8,2800,16,5600,,,2,700,25,8750,6,2100,7,2450,,,,,4,1400,7,2450,1,350,,,3,1050,28,9800,9,3150,15,5250,10,3500,24,8400,8,2800,2,700,7,2450,3,1050,3,1050,1,350,5,1750,,,4,1400,2,700,37,12950,1,350,6,2100,,,4,1400,16,5600,9,3150,6,2100,3,1050,2,700,29,10150,8,2800,7,2450,4,1400,,,11,3850,1,350,,,1,350,5,1750,3,1050,,,3,1050,10,3500,5,1750,12,4200,,,13,4550,15,5250,2,700,7,2450,3,1050,7,2450,,,3,1050,853,298550
,500 GM,,,10,3500,15,5250,26,9100,,,13,4550,3,1050,12,4200,,,,,5,1750,2,700,1,350,1,350,1,350,14,4900,8,2800,5,1750,14,4900,1,350,2,700,3,1050,,,,,1,350,10,3500,2,700,1,350,4,1400,19,6650,11,3850,2,700,4,1400,2,700,1,350,5,1750,12,4200,2,700,25,8750,3,1050,7,2450,,,,,,,,,15,5250,7,2450,2,700,6,2100,,,6,2100,4,1400,,,5,1750,3,1050,,,,,27,9450,5,1750,28,9800,20,7000,2,700,2,700,2,700,4,1400,16,5600,4,1400,11,3850,3,1050,,,1,350,8,2800,16,5600,,,2,700,25,8750,6,2100,7,2450,,,,,4,1400,7,2450,1,350,,,3,1050,28,9800,9,3150,15,5250,10,3500,24,8400,8,2800,2,700,7,2450,3,1050,3,1050,1,350,5,1750,,,4,1400,2,700,37,12950,1,350,6,2100,,,4,1400,16,5600,9,3150,6,2100,3,1050,2,700,29,10150,8,2800,7,2450,4,1400,,,11,3850,1,350,,,1,350,5,1750,3,1050,,,3,1050,10,3500,5,1750,12,4200,,,13,4550,15,5250,2,700,7,2450,3,1050,7,2450,,,3,1050,853,298550
BOVIFAT,,1,900,,,,,5,6000,,,,,,,,,,,,,,,,,,,,,,,1,900,,,3,4200,1,900,,,,,,,,,,,,,1,900,,,,,,,,,,,,,,,,,,,,,,,2,1800,3,2700,,,,,,,,,,,,,3,5700,1,900,,,,,,,,,1,900,,,2,4800,,,,,,,1,900,,,3,2700,1,900,,,,,,,1,900,,,2,3300,,,,,,,,,,,1,2400,1,900,,,,,,,,,,,,,2,1800,,,,,,,2,1800,,,,,,,,,2,1800,,,,,,,,,,,,,,,,,,,1,900,,,,,,,,,1,900,1,900,,,,,,,,,,,,,,,1,900,,,,,,,,,,,,,,,,,,,,,,,,,,,,,,,,,,,1,900,,,1,900,,,46,53400
,15 KG,,,,,,,1,2400,,,,,,,,,,,,,,,,,,,,,,,,,,,1,2400,,,,,,,,,,,,,,,,,,,,,,,,,,,,,,,,,,,,,,,,,,,,,,,,,,,,,,,2,4800,,,,,,,,,,,,,,,2,4800,,,,,,,,,,,,,,,,,,,,,,,,,1,2400,,,,,,,,,,,1,2400,,,,,,,,,,,,,,,,,,,,,,,,,,,,,,,,,,,,,,,,,,,,,,,,,,,,,,,,,,,,,,,,,,,,,,,,,,,,,,,,,,,,,,,,,,,,,,,,,,,,,,,,,,,,,,,,,,,,,,,,,,,,,8,19200
,5 KG,1,900,,,,,4,3600,,,,,,,,,,,,,,,,,,,,,,,1,900,,,2,1800,1,900,,,,,,,,,,,,,1,900,,,,,,,,,,,,,,,,,,,,,,,2,1800,3,2700,,,,,,,,,,,,,1,900,1,900,,,,,,,,,1,900,,,,,,,,,,,1,900,,,3,2700,1,900,,,,,,,1,900,,,1,900,,,,,,,,,,,,,1,900,,,,,,,,,,,,,2,1800,,,,,,,2,1800,,,,,,,,,2,1800,,,,,,,,,,,,,,,,,,,1,900,,,,,,,,,1,900,1,900,,,,,,,,,,,,,,,1,900,,,,,,,,,,,,,,,,,,,,,,,,,,,,,,,,,,,1,900,,,1,900,,,38,34200
BOVIGRO,,25,11580,22,11400,36,20520,128,78600,1,420,13,10860,62,32520,35,27660,6,3600,15,9540,20,10560,34,19680,31,16260,2,1920,29,17580,56,39720,28,17160,80,41160,128,59160,25,15900,26,13080,29,17580,12,5040,72,30240,26,16320,41,25860,12,7200,6,5760,60,33840,47,27300,233,117300,9,3780,39,19620,18,8640,110,57000,53,30900,37,22020,57,27180,87,44100,33,14940,25,19140,3,1260,37,16620,34,21840,8,4440,35,26580,28,18240,28,15000,21,12060,1,1500,32,17760,60,38160,48,20160,54,38880,35,20100,20,9480,8,4440,104,72840,96,48960,72,30240,41,22620,41,25860,35,26580,30,18000,22,12480,42,25200,36,18360,33,16020,18,10800,8,7680,5,2100,36,23760,15,10620,238,99960,1,420,45,34020,19,7980,13,13020,15,10620,24,14400,44,24960,54,25920,13,9780,78,43560,15,10620,54,28080,82,43080,29,17580,55,33900,109,59820,20,11640,14,6960,34,19680,7,2940,15,6300,3,3420,36,22680,62,26040,29,14340,12,5040,144,81000,33,24660,82,56040,14,10200,37,20940,54,30240,15,10620,24,17640,82,53880,22,15720,38,20280,16,12120,35,20100,112,69720,26,10920,12,14910,44,22800,151,73140,29,18660,10,4200,78,37080,3,4500,5,3180,43,22380,37,22020,23,13980,24,14400,23,12900,67,43260,19,11220,67,45420,10,4200,136,60360,71,34140,45,22140,5645,3167010
,1 LTR,24,10080,20,8400,31,13020,105,44100,1,420,8,3360,56,23520,23,9660,5,2100,12,5040,18,7560,29,12180,28,11760,1,420,24,10080,41,17220,23,9660,73,30660,123,51660,20,8400,24,10080,24,10080,12,5040,72,30240,21,8820,33,13860,10,4200,3,1260,52,21840,40,16800,215,90300,9,3780,36,15120,17,7140,100,42000,45,18900,31,13020,54,22680,80,33600,32,13440,17,7140,3,1260,36,15120,27,11340,7,2940,24,10080,22,9240,25,10500,18,7560,,,28,11760,48,20160,48,20160,39,16380,30,12600,19,7980,7,2940,77,32340,88,36960,72,30240,36,15120,33,13860,24,10080,25,10500,19,7980,35,14700,33,13860,31,13020,15,6300,4,1680,5,2100,28,11760,11,4620,238,99960,1,420,31,13020,19,7980,6,2520,11,4620,20,8400,38,15960,51,21420,9,3780,68,28560,11,4620,49,20580,74,31080,24,10080,45,18900,96,40320,17,7140,13,5460,29,12180,7,2940,15,6300,1,420,29,12180,62,26040,27,11340,12,5040,125,52500,23,9660,62,26040,10,4200,32,13440,47,19740,11,4620,17,7140,64,26880,16,6720,34,14280,11,4620,30,12600,91,38220,26,10920,3,1260,40,16800,142,59640,23,9660,10,4200,74,31080,,,4,1680,39,16380,31,13020,19,7980,20,8400,20,8400,53,22260,16,6720,51,21420,10,4200,133,55860,67,28140,42,17640,4908,2061360
,5 LTR,1,1500,2,3000,5,7500,23,34500,,,5,7500,6,9000,12,18000,1,1500,3,4500,2,3000,5,7500,3,4500,1,1500,5,7500,15,22500,5,7500,7,10500,5,7500,5,7500,2,3000,5,7500,,,,,5,7500,8,12000,2,3000,3,4500,8,12000,7,10500,18,27000,,,3,4500,1,1500,10,15000,8,12000,6,9000,3,4500,7,10500,1,1500,8,12000,,,1,1500,7,10500,1,1500,11,16500,6,9000,3,4500,3,4500,1,1500,4,6000,12,18000,,,15,22500,5,7500,1,1500,1,1500,27,40500,8,12000,,,5,7500,8,12000,11,16500,5,7500,3,4500,7,10500,3,4500,2,3000,3,4500,4,6000,,,8,12000,4,6000,,,,,14,21000,,,7,10500,4,6000,4,6000,6,9000,3,4500,4,6000,10,15000,4,6000,5,7500,8,12000,5,7500,10,15000,13,19500,3,4500,1,1500,5,7500,,,,,2,3000,7,10500,,,2,3000,,,19,28500,10,15000,20,30000,4,6000,5,7500,7,10500,4,6000,7,10500,18,27000,6,9000,4,6000,5,7500,5,7500,21,31500,,,9,13650,4,6000,9,13500,6,9000,,,4,6000,3,4500,1,1500,4,6000,6,9000,4,6000,4,6000,3,4500,14,21000,3,4500,16,24000,,,3,4500,4,6000,3,4500,737,1105650
BOVIGRO SG,,,,,,,,,,,,,,,,,,,,,,,,,,,,,,,,,,,,,,,,,,,,2,110,,,,,,,1,55,,,,,,,,,,,2,110,,,,,,,4,220,,,,,,,1,55,,,,,3,165,,,,,,,,,,,,,,,,,,,,,,,,,,,,,,,,,,,,,,,,,,,,,,,5,275,,,8,440,,,2,110,,,,,,,,,,,,,,,,,,,,,,,,,,,,,,,,,,,,,,,,,,,,,,,,,,,,,,,,,,,,,,,,,,,,,,,,,,,,,,,,,,,,,,,,,,,,,,,,,,,,,,,,,,,,,,,,,,,,,,,,,,,,,,,,,28,1540
,100 ML,,,,,,,,,,,,,,,,,,,,,,,,,,,,,,,,,,,,,,,,,,,2,110,,,,,,,1,55,,,,,,,,,,,2,110,,,,,,,4,220,,,,,,,1,55,,,,,3,165,,,,,,,,,,,,,,,,,,,,,,,,,,,,,,,,,,,,,,,,,,,,,,,5,275,,,8,440,,,2,110,,,,,,,,,,,,,,,,,,,,,,,,,,,,,,,,,,,,,,,,,,,,,,,,,,,,,,,,,,,,,,,,,,,,,,,,,,,,,,,,,,,,,,,,,,,,,,,,,,,,,,,,,,,,,,,,,,,,,,,,,,,,,,,,,28,1540
BOVIGRO-SG,,,,4,840,1,1550,18,3780,1,210,5,1050,1,210,,,1,210,1,210,,,6,1260,,,1,210,,,8,1680,2,420,1,1550,12,2520,3,1970,7,1470,3,1970,,,,,2,420,,,2,420,1,210,8,1680,12,3860,2,420,4,840,,,1,210,17,4910,1,210,2,420,1,210,10,2100,3,630,1,210,,,4,840,,,,,2,420,2,420,,,1,210,,,,,2,420,13,4070,,,4,2180,2,420,,,14,6960,24,5040,2,420,1,210,3,630,,,1,210,,,2,420,8,1680,1,210,3,630,,,1,210,3,630,1,210,10,2100,,,6,3940,,,1,210,,,,,11,6330,2,420,,,17,3570,4,2180,,,1,210,6,1260,,,31,9190,2,420,2,1760,1,210,1,210,1,210,1,210,,,,,3,630,8,3020,5,1050,,,11,2310,1,210,,,3,630,2,420,,,3,630,4,840,10,2100,2,420,,,1,1550,,,,,,,2,420,4,840,1,210,6,1260,,,,,2,420,,,,,2,1760,,,5,1050,,,8,5700,,,,,3,630,,,419,122830
,5 LTR,,,,,1,1550,,,,,,,,,,,,,,,,,,,,,,,,,,,,,1,1550,,,1,1550,,,1,1550,,,,,,,,,,,,,,,1,1550,,,,,,,,,1,1550,,,,,,,,,,,,,,,,,,,,,,,,,,,,,,,,,,,1,1550,,,1,1550,,,,,3,4650,,,,,,,,,,,,,,,,,,,,,,,,,,,,,,,,,,,2,3100,,,,,,,,,3,4650,,,,,,,1,1550,,,,,,,,,2,3100,,,1,1550,,,,,,,,,,,,,,,1,1550,,,,,,,,,,,,,,,,,,,,,,,,,,,1,1550,,,,,,,,,,,,,,,,,,,,,,,,,1,1550,,,,,,,3,4650,,,,,,,,,26,40300
,500 ML,,,4,840,,,18,3780,1,210,5,1050,1,210,,,1,210,1,210,,,6,1260,,,1,210,,,8,1680,2,420,,,12,2520,2,420,7,1470,2,420,,,,,2,420,,,2,420,1,210,8,1680,11,2310,2,420,4,840,,,1,210,16,3360,1,210,2,420,1,210,10,2100,3,630,1,210,,,4,840,,,,,2,420,2,420,,,1,210,,,,,2,420,12,2520,,,3,630,2,420,,,11,2310,24,5040,2,420,1,210,3,630,,,1,210,,,2,420,8,1680,1,210,3,630,,,1,210,3,630,1,210,10,2100,,,4,840,,,1,210,,,,,8,1680,2,420,,,17,3570,3,630,,,1,210,6,1260,,,29,6090,2,420,1,210,1,210,1,210,1,210,1,210,,,,,3,630,7,1470,5,1050,,,11,2310,1,210,,,3,630,2,420,,,3,630,4,840,10,2100,2,420,,,,,,,,,,,2,420,4,840,1,210,6,1260,,,,,2,420,,,,,1,210,,,5,1050,,,5,1050,,,,,3,630,,,393,82530
CFB 2500,,,,3,930,6,1860,,,,,1,310,1,310,2,620,,,1,310,,,1,310,1,310,,,3,930,2,620,2,620,9,2790,,,1,310,1,310,1,310,,,,,,,3,930,,,,,,,3,930,,,,,2,620,2,620,,,4,1240,,,,,14,4340,7,2170,,,,,2,620,,,,,1,310,3,930,2,620,2,620,6,1860,,,1,310,3,930,,,,,2,620,1,310,,,20,6200,3,930,2,620,1,310,3,930,,,1,310,7,2170,5,1550,,,2,620,,,,,2,620,,,21,6510,,,,,1,310,,,,,,,10,3100,7,2170,3,930,,,1,310,5,1550,1,310,,,1,310,2,620,1,310,3,930,1,310,,,,,1,310,2,620,,,2,620,2,620,,,,,2,620,3,930,,,4,1240,,,,,4,1240,,,3,930,1,310,,,,,,,,,,,,,,,2,620,1,310,,,1,310,1,310,4,1240,5,1550,,,,,,,1,310,5,1550,1,310,,,7,2170,,,248,76880
,1 NOS,,,3,930,6,1860,,,,,1,310,1,310,2,620,,,1,310,,,1,310,1,310,,,3,930,2,620,2,620,9,2790,,,1,310,1,310,1,310,,,,,,,3,930,,,,,,,3,930,,,,,2,620,2,620,,,4,1240,,,,,14,4340,7,2170,,,,,2,620,,,,,1,310,3,930,2,620,2,620,6,1860,,,1,310,3,930,,,,,2,620,1,310,,,20,6200,3,930,2,620,1,310,3,930,,,1,310,7,2170,5,1550,,,2,620,,,,,2,620,,,21,6510,,,,,1,310,,,,,,,10,3100,7,2170,3,930,,,1,310,5,1550,1,310,,,1,310,2,620,1,310,3,930,1,310,,,,,1,310,2,620,,,2,620,2,620,,,,,2,620,3,930,,,4,1240,,,,,4,1240,,,3,930,1,310,,,,,,,,,,,,,,,2,620,1,310,,,1,310,1,310,4,1240,5,1550,,,,,,,1,310,5,1550,1,310,,,7,2170,,,248,76880
CFB NIPPLE,,,,,,3,330,,,,,,,,,7,770,,,,,4,440,2,220,,,,,,,,,2,220,4,440,,,,,1,110,,,,,,,,,1,110,,,,,,,,,,,,,,,2,220,,,2,220,,,,,3,330,2,220,,,,,,,,,,,7,770,2,220,,,,,,,2,220,1,110,2,220,,,,,,,,,,,,,1,110,1,110,,,1,110,,,,,6,660,,,,,1,110,,,,,1,110,,,,,,,,,,,,,,,,,9,990,1,110,,,,,,,2,220,,,,,1,110,1,110,,,,,,,,,,,,,2,220,,,,,,,1,110,,,,,,,1,110,,,,,3,330,1,110,,,,,1,110,,,6,660,,,,,1,110,,,,,,,,,,,,,,,2,220,,,,,,,,,,,,,,,,,4,440,,,94,10340
,1 NOS,,,,,3,330,,,,,,,,,7,770,,,,,4,440,2,220,,,,,,,,,2,220,4,440,,,,,1,110,,,,,,,,,1,110,,,,,,,,,,,,,,,2,220,,,2,220,,,,,3,330,2,220,,,,,,,,,,,7,770,2,220,,,,,,,2,220,1,110,2,220,,,,,,,,,,,,,1,110,1,110,,,1,110,,,,,6,660,,,,,1,110,,,,,1,110,,,,,,,,,,,,,,,,,9,990,1,110,,,,,,,2,220,,,,,1,110,1,110,,,,,,,,,,,,,2,220,,,,,,,1,110,,,,,,,1,110,,,,,3,330,1,110,,,,,1,110,,,6,660,,,,,1,110,,,,,,,,,,,,,,,2,220,,,,,,,,,,,,,,,,,4,440,,,94,10340
CMT-KIT,,,,,,,,,,,,,,,,,,,,,,,,,,,,,,,,,,,,,,,,,,,,,,,,,,,,,,,,,,,,,,,,,,,,,,,,,,,,,,,,,,,,,,,,,,,,,,,,,,,,,,,,,,,,,,,,,,,,,,1,440,,,,,,,,,,,,,,,,,,,,,,,,,,,,,,,,,,,,,,,,,,,,,,,,,,,,,,,,,,,,,,,,,,,,,,,,,,,,,,,,,,,,,,,,,,,,,,,,,,,,,,,,,,,,,,,,,,,,,,,,,,,,,,,,,,,,,,,,,,,,,,,,,,,,,,,,,1,440
,1 UNIT,,,,,,,,,,,,,,,,,,,,,,,,,,,,,,,,,,,,,,,,,,,,,,,,,,,,,,,,,,,,,,,,,,,,,,,,,,,,,,,,,,,,,,,,,,,,,,,,,,,,,,,,,,,,,,,,,,,,,1,440,,,,,,,,,,,,,,,,,,,,,,,,,,,,,,,,,,,,,,,,,,,,,,,,,,,,,,,,,,,,,,,,,,,,,,,,,,,,,,,,,,,,,,,,,,,,,,,,,,,,,,,,,,,,,,,,,,,,,,,,,,,,,,,,,,,,,,,,,,,,,,,,,,,,,,,,,1,440
ELECTROVET,,,,,,,,,,,,,,,,,,,,,,,,,,,,,,,,,,,,,,,,,,,,,,,,,,,,,,,,,,,,,,,,,,,,,,,,,,,,,,,,,,,,,,,,,,,,,,,,,,,,,,,,1,290,,,2,580,,,,,,,,,,,8,600,,,,,,,,,,,,,1,290,,,,,,,,,,,,,,,,,,,,,,,,,,,,,,,,,,,,,,,,,,,2,580,,,,,,,,,,,,,,,,,,,,,,,,,,,,,,,,,,,,,,,,,,,,,,,,,,,,,,,,,,,3,225,,,,,,,,,,,,,,,,,,,,,,,,,,,,,,,,,17,2565
,1 KG,,,,,,,,,,,,,,,,,,,,,,,,,,,,,,,,,,,,,,,,,,,,,,,,,,,,,,,,,,,,,,,,,,,,,,,,,,,,,,,,,,,,,,,,,,,,,,,,,,,,,,,1,290,,,2,580,,,,,,,,,,,,,,,,,,,,,,,,,1,290,,,,,,,,,,,,,,,,,,,,,,,,,,,,,,,,,,,,,,,,,,,2,580,,,,,,,,,,,,,,,,,,,,,,,,,,,,,,,,,,,,,,,,,,,,,,,,,,,,,,,,,,,,,,,,,,,,,,,,,,,,,,,,,,,,,,,,,,,,,6,1740
,200 GM,,,,,,,,,,,,,,,,,,,,,,,,,,,,,,,,,,,,,,,,,,,,,,,,,,,,,,,,,,,,,,,,,,,,,,,,,,,,,,,,,,,,,,,,,,,,,,,,,,,,,,,,,,,,,,,,,,,,,,,8,600,,,,,,,,,,,,,,,,,,,,,,,,,,,,,,,,,,,,,,,,,,,,,,,,,,,,,,,,,,,,,,,,,,,,,,,,,,,,,,,,,,,,,,,,,,,,,,,,,,,,,,,,,,,,,,,,,,,,,3,225,,,,,,,,,,,,,,,,,,,,,,,,,,,,,,,,,11,825
ELECTROVET POULTRY,,,,,,,,,,,,,,,,,,,,,,,,,,,,,,,,,,,,,,,,,,,,,,,,,,,,,,,,,,,,,,,,,,,,,,,,,,,,,,,,,,,,,,,,,,,,,,,,,,,,,,,,,,,,,,,,,,,,,,,,,,,,,,,,,,,,1,207,,,,,,,,,,,,,,,,,,,,,,,,,,,,,,,,,,,,,,,,,,,,,,,,,,,,,,,,,,,,,,,,,,,,,,,,,,,,,,,,,,,,,,,,,,,,,,,,,,,,,,,,,,,,,,,,,,,,,,,,,,,,,,,,,,,,,,,,,,,1,207
,1 KG,,,,,,,,,,,,,,,,,,,,,,,,,,,,,,,,,,,,,,,,,,,,,,,,,,,,,,,,,,,,,,,,,,,,,,,,,,,,,,,,,,,,,,,,,,,,,,,,,,,,,,,,,,,,,,,,,,,,,,,,,,,,,,,,,,,1,207,,,,,,,,,,,,,,,,,,,,,,,,,,,,,,,,,,,,,,,,,,,,,,,,,,,,,,,,,,,,,,,,,,,,,,,,,,,,,,,,,,,,,,,,,,,,,,,,,,,,,,,,,,,,,,,,,,,,,,,,,,,,,,,,,,,,,,,,,,,1,207
ENBOOST,,,,1,320,1,320,,,,,6,1920,,,,,,,,,,,,,1,320,,,,,,,1,320,26,8320,,,1,320,,,,,,,,,,,,,,,,,,,2,640,,,,,,,,,2,640,,,,,1,320,,,,,,,,,,,,,,,,,,,,,4,1280,,,,,2,640,,,,,,,,,,,,,,,,,1,320,7,2240,,,1,320,3,960,,,12,3840,,,,,,,1,320,1,320,,,,,,,1,320,,,,,1,320,,,1,320,1,320,,,,,,,1,320,,,,,,,3,960,,,,,,,2,640,8,2560,,,,,,,,,1,320,12,3840,,,,,4,1280,1,320,,,,,6,1920,,,,,,,,,1,320,4,1280,,,,,,,,,3,960,,,,,,,,,1,320,1,320,1,320,,,,,12,3840,,,2,640,1,320,7,2240,,,1,320,150,48000
,600 ML,,,1,320,1,320,,,,,6,1920,,,,,,,,,,,,,1,320,,,,,,,1,320,26,8320,,,1,320,,,,,,,,,,,,,,,,,,,2,640,,,,,,,,,2,640,,,,,1,320,,,,,,,,,,,,,,,,,,,,,4,1280,,,,,2,640,,,,,,,,,,,,,,,,,1,320,7,2240,,,1,320,3,960,,,12,3840,,,,,,,1,320,1,320,,,,,,,1,320,,,,,1,320,,,1,320,1,320,,,,,,,1,320,,,,,,,3,960,,,,,,,2,640,8,2560,,,,,,,,,1,320,12,3840,,,,,4,1280,1,320,,,,,6,1920,,,,,,,,,1,320,4,1280,,,,,,,,,3,960,,,,,,,,,1,320,1,320,1,320,,,,,12,3840,,,2,640,1,320,7,2240,,,1,320,150,48000
EQUIMIX,,,,,,,,,,,,,,,,,,,,,,,,,,,,,,,,,,,,,,,,,,,,,,,,,,,,,,,,,,,,1,1100,,,,,,,1,1100,,,,,,,,,,,,,,,,,,,,,,,,,,,,,,,,,,,,,,,,,,,,,,,,,,,,,,,,,4,4400,,,,,,,,,,,,,,,,,,,,,,,,,,,,,,,,,,,,,,,,,,,,,,,,,,,,,,,,,,,,,,,,,,,,,,,,,,,,,,,,,,,,,,,,,,,,,,,1,1100,,,,,,,,,,,,,,,,,,,,,,,,,,,,,,,,,,,,,,,,,,,,,,,,,7,7700
,3 KG,,,,,,,,,,,,,,,,,,,,,,,,,,,,,,,,,,,,,,,,,,,,,,,,,,,,,,,,,,,1,1100,,,,,,,1,1100,,,,,,,,,,,,,,,,,,,,,,,,,,,,,,,,,,,,,,,,,,,,,,,,,,,,,,,,,4,4400,,,,,,,,,,,,,,,,,,,,,,,,,,,,,,,,,,,,,,,,,,,,,,,,,,,,,,,,,,,,,,,,,,,,,,,,,,,,,,,,,,,,,,,,,,,,,,,1,1100,,,,,,,,,,,,,,,,,,,,,,,,,,,,,,,,,,,,,,,,,,,,,,,,,7,7700
GOLUMPI,,,,,,,,,,,,,,,,,,,,,,,,,,,,,,,,,,,,,,,,,,,,,,,,,,,,,,,,,,,,,,,,,,,,,,,,,,,,,,4,2000,,,,,,,,,,,,,12,6000,,,,,,,,,,,,,,,,,,,,,,,,,,,5,2500,,,,,,,,,,,,,,,,,,,,,,,,,,,,,,,,,,,,,,,,,,,,,,,,,,,,,,,,,,,,,,,,,,,,,,,,,,,,,,,,,2,1000,,,,,,,,,,,,,2,1000,,,,,,,,,,,,,,,,,,,,,,,,,,,,,,,,,,,,,,,,,,,,,,,,,,,,,,,25,12500
,1 LTR,,,,,,,,,,,,,,,,,,,,,,,,,,,,,,,,,,,,,,,,,,,,,,,,,,,,,,,,,,,,,,,,,,,,,,,,,,,,,4,2000,,,,,,,,,,,,,12,6000,,,,,,,,,,,,,,,,,,,,,,,,,,,5,2500,,,,,,,,,,,,,,,,,,,,,,,,,,,,,,,,,,,,,,,,,,,,,,,,,,,,,,,,,,,,,,,,,,,,,,,,,,,,,,,,,2,1000,,,,,,,,,,,,,2,1000,,,,,,,,,,,,,,,,,,,,,,,,,,,,,,,,,,,,,,,,,,,,,,,,,,,,,,,25,12500
HEIFGRO,,1,1500,5,3020,4,3760,17,7580,1,380,10,12760,13,15340,9,13820,,,3,3380,8,4160,4,2640,14,7560,,,10,7160,46,32040,12,7920,2,760,8,8960,3,8180,9,3420,1,1500,,,,,6,5640,10,3800,2,1880,1,380,9,4540,24,20640,14,12040,3,1140,5,1900,5,3020,10,9720,21,16940,10,6040,1,380,19,15060,13,6060,6,4520,1,380,8,6400,2,760,4,1520,16,14240,5,4140,11,16820,9,7900,,,4,2640,21,14700,5,6380,4,3760,12,10160,2,6680,4,3760,18,12440,1,380,23,21060,6,2280,14,8680,13,19020,7,4900,9,4540,14,14600,14,7560,10,4920,5,3020,,,4,1520,11,8660,11,5300,,,2,760,8,5280,2,760,6,4520,4,8560,3,1140,12,7920,6,4520,1,380,8,4160,13,11660,29,15500,9,4540,10,6040,1,380,25,13980,4,1520,4,1520,7,6020,3,2260,4,3760,1,380,4,4880,2,760,12,6800,1,380,21,19500,16,15040,22,20680,8,12320,6,5640,27,19220,15,15780,9,13820,40,21920,15,11300,20,9840,11,12340,4,3760,35,15540,,,8,5280,3,1140,2,6680,5,3020,4,1520,17,12060,,,8,4160,15,11300,12,5680,3,2260,2,3000,10,14200,13,12780,2,6680,1,1500,4,1520,5,5260,6,2280,,,1157,894060
,1 KG,,,4,1520,2,760,16,6080,1,380,2,760,8,3040,4,1520,,,1,380,7,2660,3,1140,12,4560,,,7,2660,33,12540,9,3420,2,760,7,2660,1,380,9,3420,,,,,,,3,1140,10,3800,1,380,1,380,8,3040,18,6840,8,3040,3,1140,5,1900,4,1520,9,3420,13,4940,8,3040,1,380,12,4560,12,4560,4,1520,1,380,5,1900,2,760,4,1520,13,4940,3,1140,4,1520,5,1900,,,3,1140,15,5700,1,380,2,760,7,2660,1,380,2,760,13,4940,1,380,12,4560,6,2280,11,4180,9,3420,5,1900,8,3040,10,3800,12,4560,9,3420,4,1520,,,4,1520,7,2660,10,3800,,,2,760,6,2280,2,760,4,1520,2,760,3,1140,9,3420,4,1520,1,380,7,2660,7,2660,25,9500,8,3040,8,3040,1,380,21,7980,4,1520,4,1520,4,1520,2,760,2,760,1,380,1,380,2,760,10,3800,1,380,15,5700,8,3040,11,4180,4,1520,3,1140,19,7220,6,2280,4,1520,34,12920,10,3800,18,6840,8,3040,2,760,33,12540,,,6,2280,3,1140,1,380,4,1520,4,1520,12,4560,,,7,2660,10,3800,11,4180,2,760,,,5,1900,6,2280,1,380,,,4,1520,2,760,6,2280,,,837,318060
,25 KG,,,,,,,,,,,,,1,6300,1,6300,,,,,,,,,,,,,,,,,,,,,1,6300,1,6300,,,,,,,,,,,,,,,,,,,1,6300,,,,,,,,,1,6300,,,,,,,,,,,,,,,,,,,,,1,6300,,,1,6300,,,,,,,,,,,,,,,1,6300,,,,,,,,,,,,,2,12600,,,,,1,6300,,,,,,,,,,,,,,,,,,,,,,,,,1,6300,,,,,,,,,,,,,,,,,,,,,,,,,,,,,,,,,,,,,,,,,,,1,6300,,,,,1,6300,,,,,,,1,6300,,,,,,,1,6300,,,,,,,,,,,1,6300,,,,,,,,,,,,,,,,,,,1,6300,,,1,6300,,,,,,,,,,,20,126000
,5 KG,1,1500,1,1500,2,3000,1,1500,,,8,12000,4,6000,4,6000,,,2,3000,1,1500,1,1500,2,3000,,,3,4500,13,19500,3,4500,,,,,1,1500,,,1,1500,,,,,3,4500,,,1,1500,,,1,1500,5,7500,6,9000,,,,,1,1500,,,8,12000,2,3000,,,7,10500,1,1500,2,3000,,,3,4500,,,,,2,3000,2,3000,6,9000,4,6000,,,1,1500,6,9000,4,6000,2,3000,5,7500,,,2,3000,5,7500,,,11,16500,,,3,4500,2,3000,2,3000,1,1500,3,4500,2,3000,1,1500,1,1500,,,,,4,6000,1,1500,,,,,2,3000,,,2,3000,1,1500,,,3,4500,2,3000,,,1,1500,6,9000,4,6000,1,1500,2,3000,,,4,6000,,,,,3,4500,1,1500,2,3000,,,3,4500,,,2,3000,,,5,7500,8,12000,11,16500,3,4500,3,4500,8,12000,9,13500,4,6000,6,9000,5,7500,2,3000,2,3000,2,3000,2,3000,,,2,3000,,,,,1,1500,,,5,7500,,,1,1500,5,7500,1,1500,1,1500,2,3000,4,6000,7,10500,,,1,1500,,,3,4500,,,,,300,450000
HEMATOPLUS,,,,,,,,,,,,,,,,,,,,,,,,,,,,,,,,,,,,,,,,,,,,,,,,,,,,,,,,,,,,,,2,560,,,,,,,,,,,,,,,,,,,,,,,,,,,,,,,,,,,,,,,,,,,,,,,,,,,,,,,,,,,,,,,,,,,,,,,,,,,,,,,,,,,,,,,,,,,,,,,,,,,,,,,,,1,280,2,560,,,,,,,,,,,,,,,,,,,2,560,,,,,,,,,,,,,,,,,,,,,,,,,,,,,,,,,,,,,,,,,,,,,,,,,,,,,,,,,,,,,,,,,,,,,,,,,,,,,,,,,7,1960
,1 LTR,,,,,,,,,,,,,,,,,,,,,,,,,,,,,,,,,,,,,,,,,,,,,,,,,,,,,,,,,,,,,2,560,,,,,,,,,,,,,,,,,,,,,,,,,,,,,,,,,,,,,,,,,,,,,,,,,,,,,,,,,,,,,,,,,,,,,,,,,,,,,,,,,,,,,,,,,,,,,,,,,,,,,,,,,1,280,2,560,,,,,,,,,,,,,,,,,,,2,560,,,,,,,,,,,,,,,,,,,,,,,,,,,,,,,,,,,,,,,,,,,,,,,,,,,,,,,,,,,,,,,,,,,,,,,,,,,,,,,,,7,1960
HEMELIV,,3,2150,4,1000,7,1750,12,3000,,,18,4465,3,2150,9,4350,,,3,1450,3,750,4,1700,2,395,5,1950,8,4800,13,5350,3,750,17,6735,4,1700,5,2545,4,1595,4,895,4,1000,,,2,1200,12,5800,1,950,3,2150,,,19,7130,1,250,,,2,290,3,2150,2,500,26,9090,9,4350,1,250,10,6000,1,250,1,250,,,4,1000,10,7270,,,9,2250,5,1250,3,1450,7,1690,3,750,1,950,9,4840,13,3070,4,2995,,,5,4050,9,4140,22,8335,13,3950,30,14500,6,3600,19,11200,10,9370,10,2990,6,3495,2,1200,6,2200,3,750,6,3495,2,395,,,2,395,7,3535,,,,,5,2650,2,1200,2,395,4,2400,,,7,3850,3,1450,,,4,1000,16,6100,15,3225,11,4150,10,3200,,,8,3400,5,830,3,2150,6,2200,2,500,3,2850,1,145,4,1000,1,250,5,1845,6,3495,13,6750,2,1200,9,5750,7,2835,5,1250,11,3240,13,6050,27,13925,14,5600,9,7150,11,5235,2,290,10,2185,17,10550,,,5,1950,5,5320,2,500,15,6340,,,1,250,1,950,1,950,6,4300,3,645,8,6200,2,1200,4,1700,18,6390,1,145,1,950,3,750,13,7450,11,2750,4,3800,831,369040
,1 LTR,1,250,4,1000,7,1750,12,3000,,,10,2500,1,250,6,1500,,,2,500,3,750,3,750,1,250,4,1000,4,1000,10,2500,3,750,10,2500,3,750,2,500,2,500,3,750,4,1000,,,1,250,8,2000,,,1,250,,,11,2750,1,250,,,,,1,250,2,500,20,5000,6,1500,1,250,5,1250,1,250,1,250,,,4,1000,7,1750,,,9,2250,5,1250,2,500,6,1500,3,750,,,3,750,10,2500,,,,,1,250,4,1000,3,750,12,3000,20,5000,3,750,9,2250,4,1000,7,1750,2,500,1,250,5,1250,3,750,2,500,1,250,,,1,250,1,250,,,,,3,750,1,250,1,250,2,500,,,4,1000,2,500,,,4,1000,13,3250,10,2500,9,2250,9,2250,,,6,1500,1,250,1,250,5,1250,2,500,,,,,4,1000,1,250,3,750,2,500,8,2000,1,250,4,1000,2,500,5,1250,8,2000,9,2250,11,2750,11,2750,2,500,4,1000,,,7,1750,8,2000,,,4,1000,3,750,2,500,9,2250,,,1,250,,,,,2,500,2,500,2,500,1,250,3,750,13,3250,,,,,3,750,7,1750,11,2750,,,508,127000
,20 LTR,,,,,,,,,,,,,,,,,,,,,,,,,,,,,,,,,,,,,,,,,,,,,,,,,,,,,,,,,,,,,,,,,,,,,,,,,,,,,,,,,,,,,,,1,3620,,,,,,,,,,,,,,,,,,,,,,,,,,,,,,,,,,,1,3620,1,3620,,,,,,,,,,,,,,,,,,,,,,,,,,,,,,,,,,,,,,,,,,,,,,,,,,,,,,,,,,,,,,,,,,,,,,,,,,,,,,,,,,,,,,,,,,,,,,,,,,,,,,,,,,,1,3620,,,,,,,,,,,,,,,,,,,,,,,,,,,,,,,,,,,,,4,14480
,200ML,,,,,,,,,,,,,,,,,,,,,,,,,,,,,,,,,,,,,,,,,,,,,,,,,,,,,,,,,,,,,,,,,,,,,,,,,,,,,,,,,,,,,,,,,,,,,,,,,1,190,,,,,,,3,570,,,,,,,,,,,,,,,,,,,,,,,,,,,,,,,,,,,,,,,,,,,,,,,,,,,,,,,,,,,,,,,,,,,,,,,,,,,,,,,,,,,,,,,,,,,,,,,,,,,,,,,,,,,,,,,,,,,,,,,,,,,,,,,,,,,,,,,,,,,,,,,,,,,,,,,,,,,,,,,,,,,,,4,760
,5 LTR,2,1900,,,,,,,,,1,950,2,1900,3,2850,,,1,950,,,1,950,,,1,950,4,3800,3,2850,,,4,3800,1,950,2,1900,1,950,,,,,,,1,950,4,3800,1,950,2,1900,,,4,3800,,,,,,,2,1900,,,4,3800,3,2850,,,5,4750,,,,,,,,,2,1900,,,,,,,1,950,,,,,1,950,4,3800,,,3,2850,,,4,3800,3,2850,6,5700,1,950,10,9500,3,2850,5,4750,5,4750,1,950,3,2850,1,950,1,950,,,3,2850,,,,,,,3,2850,,,,,2,1900,1,950,,,2,1900,,,3,2850,1,950,,,,,3,2850,,,2,1900,1,950,,,2,1900,,,2,1900,1,950,,,3,2850,,,,,,,1,950,3,2850,5,4750,1,950,5,4750,2,1900,,,1,950,4,3800,11,10450,3,2850,7,6650,4,3800,,,,,9,8550,,,1,950,1,950,,,4,3800,,,,,1,950,1,950,4,3800,,,6,5700,1,950,1,950,3,2850,,,1,950,,,6,5700,,,4,3800,225,213750
,500 ML,,,,,,,,,,,7,1015,,,,,,,,,,,,,1,145,,,,,,,,,3,435,,,1,145,1,145,1,145,,,,,,,,,,,,,,,4,580,,,,,2,290,,,,,2,290,,,,,,,,,,,,,,,,,,,,,,,,,,,,,,,2,290,,,1,145,,,,,2,290,13,1885,,,,,,,4,580,,,2,290,1,145,,,,,,,1,145,1,145,,,1,145,3,435,,,,,,,,,1,145,,,,,,,,,,,,,,,5,725,,,,,,,,,4,580,,,,,,,,,1,145,,,,,1,145,1,145,,,,,,,3,435,,,2,290,,,5,725,,,,,3,435,2,290,3,435,,,,,,,,,,,2,290,,,,,,,,,,,1,145,,,,,,,2,290,1,145,,,,,,,,,,,90,13050
IMMUNCARE,,,,,,,,,,,,,,,,,,,,,,,,,,,,,,,,,,,,,,,,,,,,,,,,,,,,,,,,,,,,,,,,,,,,,,,,,,,,,,,,,,,,,,,,,,,,,,,,,,,,,,,,,,,,,,,,,,,,,,,,,,,,,,,,,,,,,,,,,,,,,,,,,,,,,,,,,,,,,,,,,,,,,,,,,,,,,,,,,,,,,,,,,,,,,,,,,,,,,,,,,,6,1302,,,,,,,,,,,,,,,,,,,,,,,,,,,,,,,,,,,,,,,,,,,,,,,,,,,,,,,,,,,,,,,,,,,,,6,1302
,200ML,,,,,,,,,,,,,,,,,,,,,,,,,,,,,,,,,,,,,,,,,,,,,,,,,,,,,,,,,,,,,,,,,,,,,,,,,,,,,,,,,,,,,,,,,,,,,,,,,,,,,,,,,,,,,,,,,,,,,,,,,,,,,,,,,,,,,,,,,,,,,,,,,,,,,,,,,,,,,,,,,,,,,,,,,,,,,,,,,,,,,,,,,,,,,,,,,,,,,,,,,6,1302,,,,,,,,,,,,,,,,,,,,,,,,,,,,,,,,,,,,,,,,,,,,,,,,,,,,,,,,,,,,,,,,,,,,,6,1302
METASAFE,,1,290,,,,,,,,,1,290,,,,,,,,,,,,,,,,,,,,,,,1,160,1,290,1,290,,,,,,,,,,,,,,,,,,,2,580,,,,,,,2,580,,,,,,,,,1,290,,,,,,,,,,,,,,,,,,,,,,,,,2,580,,,,,,,,,,,,,,,2,580,1,290,,,,,,,,,,,,,,,,,,,,,,,,,,,,,,,,,,,,,,,,,,,,,,,1,290,4,1160,,,,,,,,,,,,,,,,,,,,,,,,,,,,,1,290,,,,,,,,,2,580,,,,,,,,,3,870,,,,,,,,,,,,,1,290,,,,,,,,,,,,,1,290,,,,,,,,,,,,,,,,,1,290,,,29,8280
,1 KG,1,290,,,,,,,,,1,290,,,,,,,,,,,,,,,,,,,,,,,,,1,290,1,290,,,,,,,,,,,,,,,,,,,2,580,,,,,,,2,580,,,,,,,,,1,290,,,,,,,,,,,,,,,,,,,,,,,,,2,580,,,,,,,,,,,,,,,2,580,1,290,,,,,,,,,,,,,,,,,,,,,,,,,,,,,,,,,,,,,,,,,,,,,,,1,290,4,1160,,,,,,,,,,,,,,,,,,,,,,,,,,,,,1,290,,,,,,,,,2,580,,,,,,,,,3,870,,,,,,,,,,,,,1,290,,,,,,,,,,,,,1,290,,,,,,,,,,,,,,,,,1,290,,,28,8120
,500 GM,,,,,,,,,,,,,,,,,,,,,,,,,,,,,,,,,,,1,160,,,,,,,,,,,,,,,,,,,,,,,,,,,,,,,,,,,,,,,,,,,,,,,,,,,,,,,,,,,,,,,,,,,,,,,,,,,,,,,,,,,,,,,,,,,,,,,,,,,,,,,,,,,,,,,,,,,,,,,,,,,,,,,,,,,,,,,,,,,,,,,,,,,,,,,,,,,,,,,,,,,,,,,,,,,,,,,,,,,,,,,,,,,,,,,,,,,,,,,,,,,,,,,,,,,,,,,,,,,,,,,,,,,,,,,,,,,1,160
NUTRIMAST,,,,,,1,260,,,,,1,260,1,260,4,1040,1,260,,,,,1,260,1,260,,,2,520,2,520,3,780,7,1820,,,,,1,260,,,,,,,,,,,,,,,,,12,3120,,,,,,,,,,,2,520,,,,,2,520,,,,,,,,,,,,,5,1300,2,520,,,4,1040,1,260,,,1,260,,,,,,,2,520,,,,,,,,,2,520,,,5,1300,,,,,,,1,260,,,2,520,,,,,9,2340,,,,,,,24,6240,,,,,,,,,7,1820,2,520,,,1,260,4,1040,4,1040,,,3,780,,,,,2,520,,,5,1300,,,,,,,,,,,,,,,3,780,,,,,1,260,,,3,780,,,5,1300,,,,,2,520,,,,,12,3120,,,,,,,,,,,,,,,2,520,1,260,3,780,6,1560,,,,,,,11,2860,4,1040,,,1,260,1,260,,,,,182,47320
,200 GM,,,,,1,260,,,,,1,260,1,260,4,1040,1,260,,,,,1,260,1,260,,,2,520,2,520,3,780,7,1820,,,,,1,260,,,,,,,,,,,,,,,,,12,3120,,,,,,,,,,,2,520,,,,,2,520,,,,,,,,,,,,,5,1300,2,520,,,4,1040,1,260,,,1,260,,,,,,,2,520,,,,,,,,,2,520,,,5,1300,,,,,,,1,260,,,2,520,,,,,9,2340,,,,,,,24,6240,,,,,,,,,7,1820,2,520,,,1,260,4,1040,4,1040,,,3,780,,,,,2,520,,,5,1300,,,,,,,,,,,,,,,3,780,,,,,1,260,,,3,780,,,5,1300,,,,,2,520,,,,,12,3120,,,,,,,,,,,,,,,2,520,1,260,3,780,6,1560,,,,,,,11,2860,4,1040,,,1,260,1,260,,,,,182,47320
OCID L,,,,,,,,,,,,,,,,,,,,,,,,,,,,,,,,,,,,,,,,,,,,,,,,,,,,,,,,,,,,,,,,,,,,,,,,,,,,,,,,,,,,,,,,,,,,,,,,,,,,,,,,,,,,,,,,,,,,,,,,,,,,,,,,,,,,,,,,,,,,,,,,,,,,,,,,,,,,,,,,,,,,,,,,,,,,,,,,,,,,,,1,720,,,,,,,,,,,,,,,,,,,,,,,,,,,,,,,,,,,,,,,,,,,,,,,,,,,,,,,,,,,,,,,,,,,,,,,,,,,,,,,,,,,,,,,,,1,720
,1 LTR,,,,,,,,,,,,,,,,,,,,,,,,,,,,,,,,,,,,,,,,,,,,,,,,,,,,,,,,,,,,,,,,,,,,,,,,,,,,,,,,,,,,,,,,,,,,,,,,,,,,,,,,,,,,,,,,,,,,,,,,,,,,,,,,,,,,,,,,,,,,,,,,,,,,,,,,,,,,,,,,,,,,,,,,,,,,,,,,,,,,,1,720,,,,,,,,,,,,,,,,,,,,,,,,,,,,,,,,,,,,,,,,,,,,,,,,,,,,,,,,,,,,,,,,,,,,,,,,,,,,,,,,,,,,,,,,,1,720
OCIDE-L,,,,,,,,,,,,,,,,2,0,,,,,,,2,0,1,0,,,3,0,1,0,2,0,10,0,,,,,1,0,1,0,,,,,,,,,,,,,,,3,0,,,,,,,,,,,4,0,,,,,,,7,0,,,,,2,0,,,,,1,0,,,2,0,2,0,6,0,,,1,0,3,0,,,,,,,,,,,20,0,2,0,,,1,0,,,,,,,,,1,0,,,,,25,0,,,1,0,,,,,,,,,,,,,,,,,,,7,0,,,,,,,5,0,,,,,1,0,,,,,,,,,,,,,,,,,,,2,0,,,,,,,,,3,0,,,4,0,4,0,18,0,4,0,,,,,1,0,,,2,0,,,,,,,,,,,,,,,,,,,,,4,0,,,,,,,,,,,,,2,0,,,6,0,,,167,0
,100 ML,,,,,,,,,,,,,,,2,0,,,,,,,2,0,1,0,,,3,0,1,0,2,0,10,0,,,,,1,0,1,0,,,,,,,,,,,,,,,3,0,,,,,,,,,,,4,0,,,,,,,7,0,,,,,2,0,,,,,1,0,,,2,0,2,0,6,0,,,1,0,3,0,,,,,,,,,,,20,0,2,0,,,1,0,,,,,,,,,1,0,,,,,25,0,,,1,0,,,,,,,,,,,,,,,,,,,7,0,,,,,,,5,0,,,,,1,0,,,,,,,,,,,,,,,,,,,2,0,,,,,,,,,3,0,,,4,0,4,0,18,0,4,0,,,,,1,0,,,2,0,,,,,,,,,,,,,,,,,,,,,4,0,,,,,,,,,,,,,2,0,,,6,0,,,167,0
OPTIHOOF,,,,,,2,1300,15,9750,,,,,1,650,3,1950,,,,,1,650,,,1,650,1,650,,,5,3250,,,4,2600,,,,,2,1300,,,,,,,,,,,2,1300,,,,,10,6500,13,8450,,,2,1300,,,,,,,,,,,,,,,,,,,,,,,,,9,5850,1,650,3,1950,3,1950,,,,,2,1300,1,650,,,2,1300,,,,,2,1300,,,2,1300,1,650,,,1,650,,,,,,,,,,,,,,,,,6,3900,,,,,,,1,650,,,,,1,650,,,10,6500,1,650,,,15,9750,3,1950,4,2600,1,650,2,1300,2,1300,7,4550,,,,,1,650,,,2,1300,,,,,,,1,650,1,650,11,7150,1,650,,,,,2,1300,4,2600,1,650,5,3250,5,3250,7,4550,13,8450,,,,,,,,,,,1,650,,,,,,,4,2600,,,,,4,2600,,,,,,,1,650,5,3250,,,,,,,,,1,650,,,212,137800
,1 KG,,,,,2,1300,15,9750,,,,,1,650,3,1950,,,,,1,650,,,1,650,1,650,,,5,3250,,,4,2600,,,,,2,1300,,,,,,,,,,,2,1300,,,,,10,6500,13,8450,,,2,1300,,,,,,,,,,,,,,,,,,,,,,,,,9,5850,1,650,3,1950,3,1950,,,,,2,1300,1,650,,,2,1300,,,,,2,1300,,,2,1300,1,650,,,1,650,,,,,,,,,,,,,,,,,6,3900,,,,,,,1,650,,,,,1,650,,,10,6500,1,650,,,15,9750,3,1950,4,2600,1,650,2,1300,2,1300,7,4550,,,,,1,650,,,2,1300,,,,,,,1,650,1,650,11,7150,1,650,,,,,2,1300,4,2600,1,650,5,3250,5,3250,7,4550,13,8450,,,,,,,,,,,1,650,,,,,,,4,2600,,,,,4,2600,,,,,,,1,650,5,3250,,,,,,,,,1,650,,,212,137800
POLGROW,,,,,,,,,,,,,,,,,,,,,,,,,,,,,,,,,,,,,,,,,,,,,,,,,,,,,,,,,,,,,,,,,,,,,,2,1496,,,,,,,,,,,,,,,,,,,,,,,,,,,,,,,,,,,,,,,,,,,,,,,,,,,,,,,,,,,,,,,,,,,,,,,,,,,,,,,,,,,,,,,,,,,,,,,,,,,,,,,,,,,,,,,,,,,,,,,,,,,,,,,,,,,,,,,,,,,,,,,,,,,,,,,,,,,,,,,,,,,,,,,,,,,,,,,,,,,,,,,,,,,,,,,,,,,,,,,,,2,1496
,1 LIT,,,,,,,,,,,,,,,,,,,,,,,,,,,,,,,,,,,,,,,,,,,,,,,,,,,,,,,,,,,,,,,,,,,,,2,1496,,,,,,,,,,,,,,,,,,,,,,,,,,,,,,,,,,,,,,,,,,,,,,,,,,,,,,,,,,,,,,,,,,,,,,,,,,,,,,,,,,,,,,,,,,,,,,,,,,,,,,,,,,,,,,,,,,,,,,,,,,,,,,,,,,,,,,,,,,,,,,,,,,,,,,,,,,,,,,,,,,,,,,,,,,,,,,,,,,,,,,,,,,,,,,,,,,,,,,,,,2,1496
POWER-BULL,,,,1,1300,,,,,,,,,,,,,,,,,,,,,,,,,2,2600,2,2600,,,,,,,,,1,1300,,,,,,,1,1300,3,3900,,,,,,,7,9100,,,,,,,4,5200,,,1,1300,,,3,3900,2,2600,1,1300,2,2600,,,2,2600,,,,,1,1300,,,,,2,2600,,,,,6,7800,,,,,1,1300,,,,,8,10400,4,5200,5,6500,,,,,2,2600,,,,,1,1300,6,7800,,,,,,,,,,,,,,,,,6,7800,,,,,,,,,,,4,5200,,,2,2600,,,1,1300,2,2600,,,,,3,3900,1,1300,,,,,,,,,,,,,,,,,,,,,,,,,,,14,18200,2,2600,,,2,2600,,,,,28,36400,,,,,2,2600,,,,,,,,,,,,,,,,,,,3,3900,2,2600,,,1,1300,,,,,,,,,,,,,,,,,141,183300
,1 LTR,,,1,1300,,,,,,,,,,,,,,,,,,,,,,,,,2,2600,2,2600,,,,,,,,,1,1300,,,,,,,1,1300,3,3900,,,,,,,7,9100,,,,,,,4,5200,,,1,1300,,,3,3900,2,2600,1,1300,2,2600,,,2,2600,,,,,1,1300,,,,,2,2600,,,,,6,7800,,,,,1,1300,,,,,8,10400,4,5200,5,6500,,,,,2,2600,,,,,1,1300,6,7800,,,,,,,,,,,,,,,,,6,7800,,,,,,,,,,,4,5200,,,2,2600,,,1,1300,2,2600,,,,,3,3900,1,1300,,,,,,,,,,,,,,,,,,,,,,,,,,,14,18200,2,2600,,,2,2600,,,,,28,36400,,,,,2,2600,,,,,,,,,,,,,,,,,,,3,3900,2,2600,,,1,1300,,,,,,,,,,,,,,,,,141,183300
PROZYME BOLUS,,,,,,,,,,,,6,360,,,,,,,,,,,,,,,,,,,,,,,,,,,,,,,,,,,,,,,,,,,,,,,,,,,,,,,,,,,,,,,,,,,5,300,,,,,2,120,,,,,,,,,,,,,,,,,,,,,,,,,,,,,1,60,,,,,,,,,,,,,,,,,,,,,,,,,,,,,4,240,,,,,1,60,,,1,60,,,,,,,,,,,,,,,,,,,,,,,,,3,180,,,,,,,,,,,,,,,,,,,,,,,5,300,,,,,,,,,,,,,,,,,,,,,,,,,,,,,,,,,,,2,120,,,,,1,60,,,,,,,,,,,,,,,,,,,,,,,31,1860
,6 X 1,,,,,,,,,,,6,360,,,,,,,,,,,,,,,,,,,,,,,,,,,,,,,,,,,,,,,,,,,,,,,,,,,,,,,,,,,,,,,,,,,5,300,,,,,2,120,,,,,,,,,,,,,,,,,,,,,,,,,,,,,1,60,,,,,,,,,,,,,,,,,,,,,,,,,,,,,4,240,,,,,1,60,,,1,60,,,,,,,,,,,,,,,,,,,,,,,,,3,180,,,,,,,,,,,,,,,,,,,,,,,5,300,,,,,,,,,,,,,,,,,,,,,,,,,,,,,,,,,,,2,120,,,,,1,60,,,,,,,,,,,,,,,,,,,,,,,31,1860
PROZYME PLUS,,,,1,300,1,300,,,,,,,,,4,1200,1,300,1,120,,,,,1,300,,,,,5,1500,2,600,3,360,,,1,300,,,1,300,,,,,,,3,900,,,,,,,19,3000,1,300,,,,,5,600,,,3,540,,,,,9,2700,,,1,300,,,1,300,,,,,3,5080,11,2400,2,420,,,,,1,120,,,2,600,,,,,,,,,,,,,18,11940,1,300,2,600,6,3980,,,,,,,5,1500,,,3,720,,,,,1,300,,,,,1,120,1,300,,,,,1,300,,,5,1500,,,,,,,1,300,1,300,1,300,7,840,1,300,1,300,2,2600,,,,,1,300,2,600,1,120,1,300,,,,,4,840,3,360,1,300,,,,,,,1,2480,3,900,1,120,,,2,600,,,3,3080,1,300,4,480,,,,,,,1,300,5,1500,,,2,420,,,,,,,1,300,,,2,600,3,900,,,,,,,,,2,240,2,600,3,900,189,65880
,150 GM,,,,,,,,,,,,,,,,,,,1,120,,,,,,,,,,,,,,,3,360,,,,,,,,,,,,,,,,,,,,,,,15,1800,,,,,,,5,600,,,2,240,,,,,,,,,,,,,,,,,,,1,120,5,600,1,120,,,,,1,120,,,,,,,,,,,,,,,,,,,,,,,,,,,,,,,,,,,1,120,,,,,,,,,,,1,120,,,,,,,,,,,,,,,,,,,,,,,,,7,840,,,,,1,120,,,,,,,,,1,120,,,,,,,2,240,3,360,,,,,,,,,,,,,1,120,,,,,,,,,,,4,480,,,,,,,,,,,,,1,120,,,,,,,,,,,,,,,,,,,,,,,2,240,,,,,58,6960
,5 KG,,,,,,,,,,,,,,,,,,,,,,,,,,,,,,,,,,,,,,,,,,,,,,,,,,,,,,,,,,,,,,,,,,,,,,,,,,,,,,,,,,,,,,,,,,,2,4960,,,,,,,,,,,,,,,,,,,,,,,,,,,3,7440,,,,,1,2480,,,,,,,,,,,,,,,,,,,,,,,,,,,,,,,,,,,,,,,,,,,,,,,,,,,,,,,1,2480,,,,,,,,,,,,,,,,,,,,,,,,,,,,,1,2480,,,,,,,,,,,1,2480,,,,,,,,,,,,,,,,,,,,,,,,,,,,,,,,,,,,,,,,,,,,,,,9,22320
,600 GM,,,1,300,1,300,,,,,,,,,4,1200,1,300,,,,,,,1,300,,,,,5,1500,2,600,,,,,1,300,,,1,300,,,,,,,3,900,,,,,,,4,1200,1,300,,,,,,,,,1,300,,,,,9,2700,,,1,300,,,1,300,,,,,,,6,1800,1,300,,,,,,,,,2,600,,,,,,,,,,,,,15,4500,1,300,2,600,5,1500,,,,,,,5,1500,,,2,600,,,,,1,300,,,,,,,1,300,,,,,1,300,,,5,1500,,,,,,,1,300,1,300,1,300,,,1,300,1,300,,,,,,,1,300,2,600,,,1,300,,,,,2,600,,,1,300,,,,,,,,,3,900,,,,,2,600,,,2,600,1,300,,,,,,,,,1,300,5,1500,,,1,300,,,,,,,1,300,,,2,600,3,900,,,,,,,,,,,2,600,3,900,122,36600
RESPOCARE POULTRY,,,,,,,,,,,,,,,,,,,,,,,,,,,,,,,,,,,,,,,,,,,,,,,,,,,,,,,,,,,,,,,,,,,,,,,,,,,,,,,,,,,,,,,,,,,,,,,,,,,,,,,,,,,,,,,,,,,,,,,,,,,,,,,,,,,,,,,,,,,,,,,,,,,,,,,,,,,,,,,,,,,,,,,,,,,,,,,,,,,,,,1,1035,,,,,,,,,,,,,,,,,,,,,,,,,,,,,,,,,,,,,,,,,,,,,,,,,,,,,,,,,,,,,,,,,,,,,,,,,,,,,,,,,,,,,,,,,1,1035
,1 LIT,,,,,,,,,,,,,,,,,,,,,,,,,,,,,,,,,,,,,,,,,,,,,,,,,,,,,,,,,,,,,,,,,,,,,,,,,,,,,,,,,,,,,,,,,,,,,,,,,,,,,,,,,,,,,,,,,,,,,,,,,,,,,,,,,,,,,,,,,,,,,,,,,,,,,,,,,,,,,,,,,,,,,,,,,,,,,,,,,,,,,1,1035,,,,,,,,,,,,,,,,,,,,,,,,,,,,,,,,,,,,,,,,,,,,,,,,,,,,,,,,,,,,,,,,,,,,,,,,,,,,,,,,,,,,,,,,,1,1035
RESPOCARE-SG,,,,,,,,,,,,,,,,,,,,,,,,,,,,,,,,,,,,,,,,,,,,,,,,,,,,,,,,,,,,,,,,,,,,,,2,290,,,,,,,,,,,,,,,,,,,,,,,,,,,,,,,,,,,,,,,1,145,,,,,,,16,2320,,,,,,,,,,,,,,,,,,,2,290,,,,,,,,,,,,,,,,,,,,,,,,,,,,,,,,,,,5,725,,,,,,,,,,,,,,,,,,,,,,,,,,,3,960,,,,,,,,,,,,,,,,,,,,,,,,,,,,,,,,,,,,,,,,,,,,,,,,,,,,,,,,,,,,,,,,,,,,,29,4730
,100 ML,,,,,,,,,,,,,,,,,,,,,,,,,,,,,,,,,,,,,,,,,,,,,,,,,,,,,,,,,,,,,,,,,,,,,2,290,,,,,,,,,,,,,,,,,,,,,,,,,,,,,,,,,,,,,,,1,145,,,,,,,16,2320,,,,,,,,,,,,,,,,,,,2,290,,,,,,,,,,,,,,,,,,,,,,,,,,,,,,,,,,,5,725,,,,,,,,,,,,,,,,,,,,,,,,,,,,,,,,,,,,,,,,,,,,,,,,,,,,,,,,,,,,,,,,,,,,,,,,,,,,,,,,,,,,,,,,,,,,,,,,,26,3770
,250 ML,,,,,,,,,,,,,,,,,,,,,,,,,,,,,,,,,,,,,,,,,,,,,,,,,,,,,,,,,,,,,,,,,,,,,,,,,,,,,,,,,,,,,,,,,,,,,,,,,,,,,,,,,,,,,,,,,,,,,,,,,,,,,,,,,,,,,,,,,,,,,,,,,,,,,,,,,,,,,,,,,,,,,,,,,,,,,,,,,,,,,,,,,,,,,,,,,,,,,,,,,3,960,,,,,,,,,,,,,,,,,,,,,,,,,,,,,,,,,,,,,,,,,,,,,,,,,,,,,,,,,,,,,,,,,,,,,3,960
SETCAL SUSPENTION,,,,,,,,,,,,,,,,,,,,,,,,,,,,,,,,,,,,,,,,,,,,,,,,,,,,,,,,,,,,,,,,,,,,,,,,,,,,,,,,,,,,,,,,,,,,,,,,,,,,,,,,,,3,408,,,,,,,,,,,,,,,,,,,,,,,,,,,,,,,,,,,,,,,,,,,,,,,,,,,,,,,,,,,,,,,,,,,,,,,,,,,,,,,,,,,,,,,,,,,,,,,5,680,,,,,,,,,,,,,,,,,,,,,,,,,,,,,,,,,,,,,,,,,,,,,,,,,,,,,,,,,,,,,,,,,,,,,8,1088
,200ML,,,,,,,,,,,,,,,,,,,,,,,,,,,,,,,,,,,,,,,,,,,,,,,,,,,,,,,,,,,,,,,,,,,,,,,,,,,,,,,,,,,,,,,,,,,,,,,,,,,,,,,,,3,408,,,,,,,,,,,,,,,,,,,,,,,,,,,,,,,,,,,,,,,,,,,,,,,,,,,,,,,,,,,,,,,,,,,,,,,,,,,,,,,,,,,,,,,,,,,,,,,5,680,,,,,,,,,,,,,,,,,,,,,,,,,,,,,,,,,,,,,,,,,,,,,,,,,,,,,,,,,,,,,,,,,,,,,8,1088
SETCOAT,,,,,,,,,,,,,,,,,,,,,,,,,,,,,,,,,,,,,,,,,,,,,,,,,,,,,,,,,,,,,,,,,,,,,,,,,,,,,,,,,,,,,,,,,,,,,,,,,,,,,,,,,,,,,,,,,,,,,,,,,,,,,,,,,,,,,,,,,,,,,,,,,,,,,,,,,,,,,,,,,,,,,,,,,,,,,,,,,,,,,,,,,,,,,,,,,,,,,,,,,,1,373,,,,,,,,,,,,,,,,,,,,,,,,,,,,,,,,,,,,,,,,,,,,,,,,,,,,,,,,,,,,,,,,,,,,,1,373
,200ML,,,,,,,,,,,,,,,,,,,,,,,,,,,,,,,,,,,,,,,,,,,,,,,,,,,,,,,,,,,,,,,,,,,,,,,,,,,,,,,,,,,,,,,,,,,,,,,,,,,,,,,,,,,,,,,,,,,,,,,,,,,,,,,,,,,,,,,,,,,,,,,,,,,,,,,,,,,,,,,,,,,,,,,,,,,,,,,,,,,,,,,,,,,,,,,,,,,,,,,,,1,373,,,,,,,,,,,,,,,,,,,,,,,,,,,,,,,,,,,,,,,,,,,,,,,,,,,,,,,,,,,,,,,,,,,,,1,373
SETGROW,,,,,,,,,,,,,,,,,,,,,,,,,,,,,,,,,,,,,,,,,,,,,,,,,,,,,,,,,,,,,,,,,,,,,,,,,,,,,,,,,,,,,,,,,,,,,,,,,,,,,,,,,,,,,,,,,,,,,,,,,,,,,,,,,,,,1,1553,,,,,,,,,,,,,,,,,,,,,,,,,,,,,,,,,,,,,,,,,,,,,,,,,,,,,,,,,,,,,,,,,,,,,,,,,,,,,,,,,,,,,,,,,,,,,,,,,,,,,,,,,,,,,,,,,,,,,,,,,,,,,,,,,,,,,,,,,,,1,1553
,5 LIT,,,,,,,,,,,,,,,,,,,,,,,,,,,,,,,,,,,,,,,,,,,,,,,,,,,,,,,,,,,,,,,,,,,,,,,,,,,,,,,,,,,,,,,,,,,,,,,,,,,,,,,,,,,,,,,,,,,,,,,,,,,,,,,,,,,1,1553,,,,,,,,,,,,,,,,,,,,,,,,,,,,,,,,,,,,,,,,,,,,,,,,,,,,,,,,,,,,,,,,,,,,,,,,,,,,,,,,,,,,,,,,,,,,,,,,,,,,,,,,,,,,,,,,,,,,,,,,,,,,,,,,,,,,,,,,,,,1,1553
SETGUT,,,,,,,,,,,,,,,,,,,,,,,,,,,,,,,,,,,,,,,,,,,,,,,,,,,,,,,,,,,,,,,,,,,,,,,,,,,,,,,,,,,,,,,,,,,,,,,,,,,,,,,,,,,,,,,,,,,,,,,,,,,,,,,,,,,,,,,,,,,,,,,,,,,,,,,,,,,,,,,,,,,,,,,,,,,,,,,,,,,,,,,,,,,,,,,,,,,,,,,,,,10,1491,,,,,,,,,,,,,,,,,,,,,,,,,,,,,,,,,,,,,,,,,,,,,,,,,,,,,,,,,,,,,,,,,,,,,10,1491
,50G,,,,,,,,,,,,,,,,,,,,,,,,,,,,,,,,,,,,,,,,,,,,,,,,,,,,,,,,,,,,,,,,,,,,,,,,,,,,,,,,,,,,,,,,,,,,,,,,,,,,,,,,,,,,,,,,,,,,,,,,,,,,,,,,,,,,,,,,,,,,,,,,,,,,,,,,,,,,,,,,,,,,,,,,,,,,,,,,,,,,,,,,,,,,,,,,,,,,,,,,,10,1491,,,,,,,,,,,,,,,,,,,,,,,,,,,,,,,,,,,,,,,,,,,,,,,,,,,,,,,,,,,,,,,,,,,,,10,1491
SETLACT,,,,,,,,,,,,,,2,170,,,,,1,85,,,,,1,85,1,85,,,4,340,,,1,85,,,1,85,2,170,,,,,,,,,,,,,,,,,4,340,,,,,,,1,85,,,1,85,,,,,,,2,170,1,85,,,,,,,,,,,,,,,,,,,,,2,170,,,,,,,,,,,,,,,,,,,,,,,3,255,,,,,,,,,,,,,,,1,85,,,,,,,3,255,,,,,,,,,,,1,85,,,,,,,2,170,,,,,,,,,3,255,,,,,,,,,,,,,,,,,,,6,510,,,,,,,,,,,,,2,170,1,85,,,,,,,,,16,1360,,,,,4,340,,,6,510,1,85,,,,,,,,,,,,,,,,,,,,,,,1,85,,,,,1,85,75,6375
,100 TAB,,,,,,,,,,,,,2,170,,,,,1,85,,,,,1,85,1,85,,,4,340,,,1,85,,,1,85,2,170,,,,,,,,,,,,,,,,,4,340,,,,,,,1,85,,,1,85,,,,,,,2,170,1,85,,,,,,,,,,,,,,,,,,,,,2,170,,,,,,,,,,,,,,,,,,,,,,,3,255,,,,,,,,,,,,,,,1,85,,,,,,,3,255,,,,,,,,,,,1,85,,,,,,,2,170,,,,,,,,,3,255,,,,,,,,,,,,,,,,,,,6,510,,,,,,,,,,,,,2,170,1,85,,,,,,,,,16,1360,,,,,4,340,,,6,510,1,85,,,,,,,,,,,,,,,,,,,,,,,1,85,,,,,1,85,75,6375
SETWELL,,,,,,,,,,,,,,,,,,,,,,,,,,,,,,,,,,,,,,,,,,,,,,,,,,,,,,,,,,,,,,,,,,,,,,,,,,,,,,,,,,,,,,,,,,,,,,,,,,,,,,,,,,,,,,,,,,,,,,,,,,,,,,,,,,,,,,,,,,,,,,,,,,,,,,,,,,,,,,,,,,,,,,,,,,,,,,,,,,,,,,,,,,,,,,,,,,,,,,,,,,6,648,,,,,,,,,,,,,,,,,,,,,10,1080,,,,,,,,,,,,,,,,,,,,,,,,,,,,,,,,,,,,,,,,,,,,,,,16,1728
,30ML,,,,,,,,,,,,,,,,,,,,,,,,,,,,,,,,,,,,,,,,,,,,,,,,,,,,,,,,,,,,,,,,,,,,,,,,,,,,,,,,,,,,,,,,,,,,,,,,,,,,,,,,,,,,,,,,,,,,,,,,,,,,,,,,,,,,,,,,,,,,,,,,,,,,,,,,,,,,,,,,,,,,,,,,,,,,,,,,,,,,,,,,,,,,,,,,,,,,,,,,,6,648,,,,,,,,,,,,,,,,,,,,,10,1080,,,,,,,,,,,,,,,,,,,,,,,,,,,,,,,,,,,,,,,,,,,,,,,16,1728
SILOBACT,,,,6,685,12,660,,,,,,,11,960,4,1640,,,2,820,4,1640,2,110,4,220,,,,,10,550,4,220,8,1505,1,410,1,410,9,495,4,575,,,,,4,220,9,495,,,,,6,2460,10,550,,,3,1230,,,1,410,,,6,330,,,6,330,44,10230,,,10,3390,,,1,55,,,,,89,15545,,,10,550,,,,,,,28,4025,1,410,,,,,,,60,3300,2,820,325,33850,10,550,2,820,,,,,,,,,2,110,8,440,,,4,220,,,,,,,21,2930,,,,,3,875,,,,,56,5210,9,1205,10,3035,15,2600,,,1,55,1,410,4,220,21,1510,,,,,2,820,,,4,1640,,,,,,,8,440,6,330,,,,,,,2,820,,,2,820,18,2055,3,165,47,3650,,,1,410,2,820,,,9,495,1,410,,,57,7395,,,,,26,7110,4,1640,1,410,,,,,,,4,220,6,330,,,,,,,,,,,,,4,220,22,1210,53,19955,8,3280,,,1154,163935
,1 KG,,,1,410,,,,,,,,,1,410,4,1640,,,2,820,4,1640,,,,,,,,,,,,,3,1230,1,410,1,410,,,1,410,,,,,,,,,,,,,6,2460,,,,,3,1230,,,1,410,,,,,,,,,22,9020,,,8,3280,,,,,,,,,30,12300,,,,,,,,,,,7,2870,1,410,,,,,,,,,2,820,45,18450,,,2,820,,,,,,,,,,,,,,,,,,,,,,,5,2050,,,,,2,820,,,,,6,2460,2,820,7,2870,5,2050,,,,,1,410,,,1,410,,,,,2,820,,,4,1640,,,,,,,,,,,,,,,,,2,820,,,2,820,3,1230,,,3,1230,,,1,410,2,820,,,,,1,410,,,12,4920,,,,,16,6560,4,1640,1,410,,,,,,,,,,,,,,,,,,,,,,,,,,,48,19680,8,3280,,,283,116030
,100 GM,,,5,275,12,660,,,,,,,10,550,,,,,,,,,2,110,4,220,,,,,10,550,4,220,5,275,,,,,9,495,3,165,,,,,4,220,9,495,,,,,,,10,550,,,,,,,,,,,6,330,,,6,330,22,1210,,,2,110,,,1,55,,,,,59,3245,,,10,550,,,,,,,21,1155,,,,,,,,,60,3300,,,280,15400,10,550,,,,,,,,,,,2,110,8,440,,,4,220,,,,,,,16,880,,,,,1,55,,,,,50,2750,7,385,3,165,10,550,,,1,55,,,4,220,20,1100,,,,,,,,,,,,,,,,,8,440,6,330,,,,,,,,,,,,,15,825,3,165,44,2420,,,,,,,,,9,495,,,,,45,2475,,,,,10,550,,,,,,,,,,,4,220,6,330,,,,,,,,,,,,,4,220,22,1210,5,275,,,,,871,47905
SILOCID,,,,1,650,1,190,,,,,,,,,1,650,,,,,,,,,,,,,,,,,,,,,13,2930,,,,,,,,,,,,,,,,,,,,,,,,,,,,,,,,,3,1030,,,1,190,3,1950,,,,,,,,,,,,,33,20530,1,190,,,5,3250,,,,,1,190,,,,,,,,,,,1,190,4,2600,9,3550,,,,,,,2,380,,,,,,,,,,,,,,,,,,,,,3,570,,,,,,,2,1300,,,6,3900,,,,,1,190,2,1300,1,650,,,,,,,,,,,1,650,,,,,,,,,3,1030,,,,,,,3,1950,,,,,1,650,,,17,10590,,,5,950,,,,,,,,,,,,,,,3,1490,,,5,3250,,,,,,,,,,,,,1,650,,,,,,,17,5530,,,,,,,23,14030,,,,,173,87150
,1 LTR,,,,,1,190,,,,,,,,,,,,,,,,,,,,,,,,,,,,,,,12,2280,,,,,,,,,,,,,,,,,,,,,,,,,,,,,,,,,2,380,,,1,190,,,,,,,,,,,,,,,2,380,1,190,,,,,,,,,1,190,,,,,,,,,,,1,190,,,5,950,,,,,,,2,380,,,,,,,,,,,,,,,,,,,,,3,570,,,,,,,,,,,,,,,,,1,190,,,,,,,,,,,,,,,,,,,,,,,,,2,380,,,,,,,,,,,,,,,,,1,190,,,5,950,,,,,,,,,,,,,,,1,190,,,,,,,,,,,,,,,,,,,,,,,,,12,2280,,,,,,,2,380,,,,,55,10450
,5 LTR,,,1,650,,,,,,,,,,,1,650,,,,,,,,,,,,,,,,,,,,,1,650,,,,,,,,,,,,,,,,,,,,,,,,,,,,,,,,,1,650,,,,,3,1950,,,,,,,,,,,,,31,20150,,,,,5,3250,,,,,,,,,,,,,,,,,,,4,2600,4,2600,,,,,,,,,,,,,,,,,,,,,,,,,,,,,,,,,,,,,2,1300,,,6,3900,,,,,,,2,1300,1,650,,,,,,,,,,,1,650,,,,,,,,,1,650,,,,,,,3,1950,,,,,1,650,,,16,10400,,,,,,,,,,,,,,,,,,,2,1300,,,5,3250,,,,,,,,,,,,,1,650,,,,,,,5,3250,,,,,,,21,13650,,,,,118,76700
TOXICURE,,,,,,,,,,,,,,,,,,,,,,,,,,,,,,,,,,,,,,,,,,,,,,,,,,,,,,,,,,,,,,,,,,,,,,,,,,,,,,,,,,,,,,,,,,,,,,,,,,,,,,,,,,,,,,,,,,,,,,,,,,,,,,,,,,,,,,,,,,,,,,,,,,,,,,,,,,,,,,,,,,,,,,,,,,,,,,,,,,,,,,1,1012,,,,,,,,,,,,,,,,,,,,,,,,,,,,,,,,,,,,,,,,,,,,,,,,,,,,,,,,,,,,,,,,,,,,,,,,,,,,,,,,,,,,,,,,,1,1012
,5 LIT,,,,,,,,,,,,,,,,,,,,,,,,,,,,,,,,,,,,,,,,,,,,,,,,,,,,,,,,,,,,,,,,,,,,,,,,,,,,,,,,,,,,,,,,,,,,,,,,,,,,,,,,,,,,,,,,,,,,,,,,,,,,,,,,,,,,,,,,,,,,,,,,,,,,,,,,,,,,,,,,,,,,,,,,,,,,,,,,,,,,,1,1012,,,,,,,,,,,,,,,,,,,,,,,,,,,,,,,,,,,,,,,,,,,,,,,,,,,,,,,,,,,,,,,,,,,,,,,,,,,,,,,,,,,,,,,,,1,1012
TRANZISAFE,,,,,,,,,,,,1,650,,,1,650,,,,,1,650,,,1,650,,,1,650,,,1,650,,,,,,,,,,,,,,,,,1,650,,,,,,,2,1300,,,,,,,,,,,,,,,,,,,,,,,,,,,,,,,,,,,,,,,,,,,,,,,,,,,,,,,,,,,1,650,1,650,,,2,1300,1,650,,,,,,,1,650,,,,,,,,,,,,,,,,,,,,,,,,,2,1300,,,,,,,1,650,10,6500,2,1300,,,,,,,,,,,,,1,650,1,650,,,,,,,1,650,,,,,,,,,,,,,2,1300,,,,,,,,,,,,,,,4,2600,,,,,,,,,,,,,,,,,,,1,650,,,,,,,,,,,,,,,,,,,,,,,40,26000
,1 KG,,,,,,,,,,,1,650,,,1,650,,,,,1,650,,,1,650,,,1,650,,,1,650,,,,,,,,,,,,,,,,,1,650,,,,,,,2,1300,,,,,,,,,,,,,,,,,,,,,,,,,,,,,,,,,,,,,,,,,,,,,,,,,,,,,,,,,,,1,650,1,650,,,2,1300,1,650,,,,,,,1,650,,,,,,,,,,,,,,,,,,,,,,,,,2,1300,,,,,,,1,650,10,6500,2,1300,,,,,,,,,,,,,1,650,1,650,,,,,,,1,650,,,,,,,,,,,,,2,1300,,,,,,,,,,,,,,,4,2600,,,,,,,,,,,,,,,,,,,1,650,,,,,,,,,,,,,,,,,,,,,,,40,26000
VETBOLIC,,,,2,250,,,1,125,,,3,375,3,375,2,250,,,,,2,445,1,125,,,,,2,250,1,125,1,125,38,4750,,,1,125,1,125,2,250,,,,,15,1875,3,375,,,,,,,1,125,,,1,125,,,1,125,7,875,2,250,4,500,2,250,3,375,,,,,,,,,,,,,3,375,2,250,,,,,,,,,2,250,,,2,250,,,1,125,1,125,1,125,,,6,750,,,1,125,1,125,1,125,12,1500,5,625,1,125,2,250,3,375,1,125,4,500,,,4,500,,,,,12,1500,,,,,,,,,2,250,,,,,,,1,125,,,,,16,2000,3,375,6,750,2,250,3,375,1,125,2,250,,,,,2,250,,,1,125,,,1,125,,,,,2,250,,,1,125,21,2625,,,,,,,,,,,,,5,625,,,,,1,125,,,2,250,,,,,,,,,,,2,250,5,625,,,1,125,26,3250,,,,,3,375,5,625,3,375,3,375,284,35695
,500 ML,,,2,250,,,1,125,,,3,375,3,375,2,250,,,,,2,445,1,125,,,,,2,250,1,125,1,125,38,4750,,,1,125,1,125,2,250,,,,,15,1875,3,375,,,,,,,1,125,,,1,125,,,1,125,7,875,2,250,4,500,2,250,3,375,,,,,,,,,,,,,3,375,2,250,,,,,,,,,2,250,,,2,250,,,1,125,1,125,1,125,,,6,750,,,1,125,1,125,1,125,12,1500,5,625,1,125,2,250,3,375,1,125,4,500,,,4,500,,,,,12,1500,,,,,,,,,2,250,,,,,,,1,125,,,,,16,2000,3,375,6,750,2,250,3,375,1,125,2,250,,,,,2,250,,,1,125,,,1,125,,,,,2,250,,,1,125,21,2625,,,,,,,,,,,,,5,625,,,,,1,125,,,2,250,,,,,,,,,,,2,250,5,625,,,1,125,26,3250,,,,,3,375,5,625,3,375,3,375,284,35695
VETBUFF,,,,,,,,,,,,1,40,10,400,10,400,,,,,,,,,,,,,12,480,5,200,2,80,5,200,,,2,80,15,600,,,,,,,,,,,,,,,,,21,840,,,,,,,,,,,,,20,800,3,120,4,160,7,280,,,,,5,200,,,,,3,120,,,,,,,,,7,280,5,200,,,,,,,,,,,5,200,,,20,800,13,520,12,480,,,4,160,,,1,40,1,40,,,,,5,200,,,12,480,10,400,,,,,10,400,,,,,2,80,,,6,240,,,,,,,15,600,2,80,,,2,80,15,600,4,160,15,600,7,280,1,40,,,,,,,,,,,,,,,,,,,3,120,,,,,,,1,40,2,80,,,24,960,4,160,,,5,200,40,1600,,,5,200,,,,,,,1,40,3,120,,,,,,,,,,,,,5,200,31,1240,,,,,,,,,,,,,423,16920
,100 GM,,,,,,,,,,,1,40,10,400,10,400,,,,,,,,,,,,,12,480,5,200,2,80,5,200,,,2,80,15,600,,,,,,,,,,,,,,,,,21,840,,,,,,,,,,,,,20,800,3,120,4,160,7,280,,,,,5,200,,,,,3,120,,,,,,,,,7,280,5,200,,,,,,,,,,,5,200,,,20,800,13,520,12,480,,,4,160,,,1,40,1,40,,,,,5,200,,,12,480,10,400,,,,,10,400,,,,,2,80,,,6,240,,,,,,,15,600,2,80,,,2,80,15,600,4,160,15,600,7,280,1,40,,,,,,,,,,,,,,,,,,,3,120,,,,,,,1,40,2,80,,,24,960,4,160,,,5,200,40,1600,,,5,200,,,,,,,1,40,3,120,,,,,,,,,,,,,5,200,31,1240,,,,,,,,,,,,,423,16920
VETPHOS,,3,795,2,530,,,7,1855,,,,,3,795,1,265,,,,,,,,,1,265,,,1,265,2,530,5,1325,7,1855,3,795,,,2,530,,,,,,,,,3,795,,,,,,,4,1060,,,,,3,795,,,,,1,265,7,1855,1,265,7,1855,2,530,6,1590,,,4,1060,2,530,,,4,1060,3,795,1,265,6,1590,,,,,1,265,,,,,,,,,,,2,530,,,2,530,2,530,,,7,1855,,,12,3180,,,5,1325,,,1,265,1,265,1,265,2,530,8,2120,,,,,4,1060,1,265,4,1060,1,265,,,1,265,2,530,,,,,8,2120,7,1855,1,265,1,265,,,5,1325,2,530,2,530,,,5,1325,,,,,,,,,,,,,13,3445,,,6,1590,,,2,530,5,1325,7,1855,4,1060,1,265,2,530,1,265,1,265,2,530,,,,,,,,,,,3,795,,,1,265,,,1,265,4,1060,3,795,1,265,,,8,2120,1,265,,,,,,,6,1590,,,3,795,254,67310
,500 GM,3,795,2,530,,,7,1855,,,,,3,795,1,265,,,,,,,,,1,265,,,1,265,2,530,5,1325,7,1855,3,795,,,2,530,,,,,,,,,3,795,,,,,,,4,1060,,,,,3,795,,,,,1,265,7,1855,1,265,7,1855,2,530,6,1590,,,4,1060,2,530,,,4,1060,3,795,1,265,6,1590,,,,,1,265,,,,,,,,,,,2,530,,,2,530,2,530,,,7,1855,,,12,3180,,,5,1325,,,1,265,1,265,1,265,2,530,8,2120,,,,,4,1060,1,265,4,1060,1,265,,,1,265,2,530,,,,,8,2120,7,1855,1,265,1,265,,,5,1325,2,530,2,530,,,5,1325,,,,,,,,,,,,,13,3445,,,6,1590,,,2,530,5,1325,7,1855,4,1060,1,265,2,530,1,265,1,265,2,530,,,,,,,,,,,3,795,,,1,265,,,1,265,4,1060,3,795,1,265,,,8,2120,1,265,,,,,,,6,1590,,,3,795,254,67310
VETRICAL GEL,,,,3,360,,,,,,,6,720,5,600,,,,,,,8,960,,,,,1,120,5,600,13,1560,2,240,,,,,1,120,2,240,,,,,,,1,120,,,,,,,,,31,3720,,,7,840,,,,,,,,,1,120,2,240,,,,,,,,,,,,,,,15,1800,2,240,3,360,,,,,,,,,,,,,2,240,,,,,19,2280,,,13,1560,3,360,16,1920,2,240,5,600,,,1,120,13,1560,,,3,360,5,600,4,480,6,720,3,360,,,,,4,480,,,,,2,240,,,,,,,,,,,,,14,1680,,,,,,,,,,,2,240,1,120,2,240,2,240,1,120,2,240,,,5,600,2,240,8,960,,,4,480,6,720,1,120,5,600,,,31,3720,8,960,,,,,3,360,,,52,6240,,,10,1200,,,,,2,240,,,,,,,,,1,120,3,360,,,,,2,240,,,,,,,1,120,4,480,2,240,,,383,45960
,300 GM,,,3,360,,,,,,,6,720,5,600,,,,,,,8,960,,,,,1,120,5,600,13,1560,2,240,,,,,1,120,2,240,,,,,,,1,120,,,,,,,,,31,3720,,,7,840,,,,,,,,,1,120,2,240,,,,,,,,,,,,,,,15,1800,2,240,3,360,,,,,,,,,,,,,2,240,,,,,19,2280,,,13,1560,3,360,16,1920,2,240,5,600,,,1,120,13,1560,,,3,360,5,600,4,480,6,720,3,360,,,,,4,480,,,,,2,240,,,,,,,,,,,,,14,1680,,,,,,,,,,,2,240,1,120,2,240,2,240,1,120,2,240,,,5,600,2,240,8,960,,,4,480,6,720,1,120,5,600,,,31,3720,8,960,,,,,3,360,,,52,6240,,,10,1200,,,,,2,240,,,,,,,,,1,120,3,360,,,,,2,240,,,,,,,1,120,4,480,2,240,,,383,45960
VETRICAL GOLD,,1,600,1,600,,,22,25300,1,160,5,4050,13,14100,1,1650,1,600,3,1360,1,1650,1,600,3,1800,1,160,6,7650,3,4450,8,5080,6,2720,,,1,600,4,1530,3,480,,,,,3,2850,4,1970,,,1,600,3,3300,27,30200,,,,,4,4450,5,6200,4,2400,1,1650,3,4950,1,160,9,8220,5,3720,5,9900,,,2,3850,4,6000,,,,,7,8950,,,3,2860,,,7,12650,5,4950,2,2800,3,1360,,,,,,,6,2890,,,4,4000,,,6,6970,9,10100,6,2720,8,7790,1,600,6,4210,2,1200,4,5600,3,4950,1,600,3,2850,,,,,1,160,2,3300,1,600,1,600,7,13250,1,600,3,3300,3,2410,,,5,7750,,,8,6300,5,1240,,,1,1650,11,14170,1,600,2,2250,4,4000,2,760,2,1810,4,1960,3,1970,,,2,3300,4,4350,5,3450,3,2250,6,9010,6,4320,12,6220,5,6600,2,3300,16,10060,3,4950,7,7800,5,7700,,,1,600,11,22000,,,2,760,,,,,4,2400,3,3150,2,1200,2,1200,4,2850,2,760,2,3300,,,1,160,2,2700,1,600,1,160,,,9,9220,3,2410,3,4450,,,448,453520
,1 LTR KITTLE,,,,,,,,,1,160,,,,,,,,,1,160,,,,,,,1,160,,,,,3,480,2,320,,,,,3,480,3,480,,,,,,,2,320,,,,,,,,,,,,,,,,,,,,,,,1,160,2,320,2,320,,,,,,,,,,,,,,,,,1,160,,,,,,,,,1,160,,,,,,,4,640,,,,,,,2,320,,,2,320,4,640,,,1,160,,,,,,,,,,,,,,,1,160,,,,,,,,,,,,,1,160,,,,,,,,,4,640,,,,,2,320,,,,,,,1,160,1,160,1,160,2,320,,,,,,,,,,,1,160,2,320,7,1120,,,,,11,1760,,,,,,,,,,,,,,,1,160,,,,,,,,,,,,,,,1,160,,,,,1,160,,,,,1,160,,,2,320,1,160,,,,,77,12320
,10 LTR KITTLE,,,,,,,7,7350,,,,,,,,,,,,,,,,,,,,,2,2100,,,,,,,,,,,1,1050,,,,,,,,,1,1050,,,,,1,1050,4,4200,,,,,1,1050,,,,,,,,,,,,,,,,,,,,,1,1050,,,,,,,,,1,1050,,,,,2,2100,,,,,,,,,,,,,,,,,,,,,1,1050,,,,,,,,,,,,,,,,,,,,,,,,,,,,,,,,,,,1,1050,,,,,,,,,1,1050,,,,,,,,,,,,,,,,,,,,,,,,,,,2,2100,1,1050,1,1050,,,,,,,1,1050,,,,,,,1,1050,1,1050,,,,,,,,,,,,,,,,,3,3150,,,,,1,1050,,,,,,,,,1,1050,,,,,,,1,1050,,,,,,,37,38850
,20 LTR BUCKET,,,,,,,7,11550,,,1,1650,6,9900,1,1650,,,,,1,1650,,,,,,,3,4950,1,1650,,,,,,,,,,,,,,,,,1,1650,,,,,,,1,1650,4,6600,,,,,,,,,,,1,1650,3,4950,,,2,3300,,,2,3300,,,1,1650,3,4950,,,,,3,4950,,,1,1650,,,5,8250,1,1650,,,,,,,,,,,1,1650,,,,,,,1,1650,1,1650,,,3,4950,,,1,1650,,,,,3,4950,,,1,1650,,,,,,,2,3300,,,,,1,1650,,,1,1650,1,1650,,,3,4950,,,1,1650,,,,,1,1650,5,8250,,,1,1650,,,,,1,1650,,,1,1650,,,2,3300,1,1650,,,,,1,1650,,,2,3300,3,4950,2,3300,2,3300,3,4950,3,4950,1,1650,,,,,4,6600,,,,,,,,,,,,,,,,,,,,,2,3300,,,,,1,1650,,,,,,,1,1650,1,1650,1,1650,,,107,176550
,20 LTR CAN,,,,,,,1,2200,,,,,,,,,,,,,,,,,,,,,,,1,2200,1,2200,,,,,,,,,,,,,,,,,,,,,,,,,5,11000,,,,,1,2200,2,4400,,,,,,,,,1,2200,1,2200,3,6600,,,1,2200,,,,,,,1,2200,,,,,,,2,4400,,,1,2200,,,,,,,,,,,,,1,2200,,,2,4400,2,4400,,,1,2200,,,,,,,2,4400,,,,,,,,,,,,,,,,,,,5,11000,,,,,,,,,1,2200,,,,,,,,,,,2,4400,,,,,1,2200,,,,,,,,,,,,,,,,,,,3,6600,1,2200,,,,,,,2,4400,,,,,2,4400,,,,,7,15400,,,,,,,,,,,,,,,,,,,,,,,,,,,,,,,,,,,2,4400,,,1,2200,,,56,123200
,5 LTR CAN,1,600,1,600,,,7,4200,,,4,2400,7,4200,,,1,600,2,1200,,,1,600,3,1800,,,1,600,1,600,4,2400,4,2400,,,1,600,,,,,,,,,2,1200,1,600,,,1,600,1,600,14,8400,,,,,2,1200,3,1800,4,2400,,,,,,,4,2400,2,1200,,,,,,,,,,,,,3,1800,,,,,,,,,2,1200,1,600,2,1200,,,,,,,1,600,,,3,1800,,,1,600,5,3000,4,2400,,,1,600,4,2400,2,1200,2,1200,,,1,600,2,1200,,,,,,,,,1,600,1,600,1,600,1,600,1,600,1,600,,,1,600,,,6,3600,1,600,,,,,2,1200,1,600,1,600,3,1800,1,600,,,3,1800,,,,,,,1,600,4,2400,2,1200,1,600,3,1800,3,1800,1,600,,,1,600,,,3,1800,1,600,,,1,600,,,,,1,600,,,,,4,2400,,,2,1200,2,1200,3,1800,1,600,,,,,,,,,1,600,,,,,3,1800,1,600,1,600,,,171,102600
VETRICAL P,,,,,,,,,,,,,,,,,,,,,,,,,,,,,,,,,,5,1100,4,880,2,440,,,,,,,,,,,,,,,,,,,,,,,,,,,,,,,,,2,440,,,,,,,,,,,,,,,,,,,2,440,,,,,,,2,440,,,,,,,,,,,,,,,1,220,,,7,1540,,,,,4,880,3,660,,,,,,,1,220,,,,,,,,,,,,,,,,,1,220,,,,,,,8,1760,,,,,,,,,2,440,2,440,,,,,,,,,,,1,220,,,,,,,,,,,,,,,,,1,220,,,,,,,,,,,,,,,,,,,,,,,1,220,,,,,2,440,,,,,,,,,,,,,,,,,,,,,,,,,1,220,,,,,,,,,2,440,54,11880
,1 KG,,,,,,,,,,,,,,,,,,,,,,,,,,,,,,,,,5,1100,4,880,2,440,,,,,,,,,,,,,,,,,,,,,,,,,,,,,,,,,2,440,,,,,,,,,,,,,,,,,,,2,440,,,,,,,2,440,,,,,,,,,,,,,,,1,220,,,7,1540,,,,,4,880,3,660,,,,,,,1,220,,,,,,,,,,,,,,,,,1,220,,,,,,,8,1760,,,,,,,,,2,440,2,440,,,,,,,,,,,1,220,,,,,,,,,,,,,,,,,1,220,,,,,,,,,,,,,,,,,,,,,,,1,220,,,,,2,440,,,,,,,,,,,,,,,,,,,,,,,,,1,220,,,,,,,,,2,440,54,11880
VETRICAL-P,,,,,,,,,,,,,,,,,,,,,,,,,,,,,,,,,,,,,,,,,,,,,,,,,,,,,,,,,,,,,,,,,,,,,,,,,,,,,,,,,,,,,,,,,,,,4,12200,,,,,,,,,1,1100,,,,,,,,,,,,,,,,,2,7400,,,,,,,,,,,,,,,,,,,,,,,,,,,,,,,,,,,,,,,,,1,1100,,,,,,,,,,,,,,,,,,,,,,,,,,,,,,,,,,,,,,,,,,,,,,,,,,,,,2,4800,,,4,4400,,,1,3700,,,,,,,,,,,,,,,,,,,,,,,,,,,,,,,1,3700,,,,,,,,,,,,,,,16,38400
,25 KG,,,,,,,,,,,,,,,,,,,,,,,,,,,,,,,,,,,,,,,,,,,,,,,,,,,,,,,,,,,,,,,,,,,,,,,,,,,,,,,,,,,,,,,,,,,3,11100,,,,,,,,,,,,,,,,,,,,,,,,,,,2,7400,,,,,,,,,,,,,,,,,,,,,,,,,,,,,,,,,,,,,,,,,,,,,,,,,,,,,,,,,,,,,,,,,,,,,,,,,,,,,,,,,,,,,,,,,,,,,,,1,3700,,,,,,,1,3700,,,,,,,,,,,,,,,,,,,,,,,,,,,,,,,1,3700,,,,,,,,,,,,,,,8,29600
,5 KG,,,,,,,,,,,,,,,,,,,,,,,,,,,,,,,,,,,,,,,,,,,,,,,,,,,,,,,,,,,,,,,,,,,,,,,,,,,,,,,,,,,,,,,,,,,1,1100,,,,,,,,,1,1100,,,,,,,,,,,,,,,,,,,,,,,,,,,,,,,,,,,,,,,,,,,,,,,,,,,,,,,,,,,1,1100,,,,,,,,,,,,,,,,,,,,,,,,,,,,,,,,,,,,,,,,,,,,,,,,,,,,,1,1100,,,4,4400,,,,,,,,,,,,,,,,,,,,,,,,,,,,,,,,,,,,,,,,,,,,,,,,,,,8,8800
VETRIMIX,,1,2750,,,6,7320,,,,,13,6800,6,10500,1,750,,,5,3160,,,1,750,,,,,3,3660,2,320,4,4410,1,2750,17,32750,1,750,6,6730,2,320,,,17,20750,1,750,1,750,1,750,3,4250,,,32,18920,1,750,,,1,750,,,13,5260,9,4980,,,3,2250,6,3320,1,750,1,2750,,,2,910,,,1,750,7,17250,4,5000,4,5000,2,910,13,7620,3,4250,3,3070,2,1500,1,2750,,,,,,,10,8320,,,3,2250,5,5750,7,9250,6,4500,2,1500,4,5000,6,3910,10,7140,,,2,320,1,2750,,,4,3000,3,5660,,,,,1,2750,,,,,,,,,1,750,5,5750,1,750,1,750,2,910,21,11030,8,12230,30,21650,1,2750,4,2410,,,3,2250,3,3660,2,320,7,5250,1,750,,,,,5,4570,4,640,2,3500,3,1070,8,2460,7,4890,5,3750,9,8750,4,5000,3,2250,6,1550,19,9400,9,7570,,,2,5500,12,19000,,,4,3000,5,5750,,,,,,,2,910,,,1,160,10,6550,,,2,1500,,,2,3500,4,5000,,,4,3230,3,1070,,,,,7,11250,497,454840
,1 KG,,,,,2,320,,,,,5,800,,,,,,,1,160,,,,,,,,,1,160,2,320,1,160,,,,,,,3,480,2,320,,,,,,,,,,,,,,,12,1920,,,,,,,,,11,1760,3,480,,,,,2,320,,,,,,,1,160,,,,,,,,,,,1,160,7,1120,,,2,320,,,,,,,,,,,2,320,,,,,,,,,,,,,,,1,160,4,640,,,2,320,,,,,,,1,160,,,,,,,,,,,,,,,,,,,,,,,1,160,8,1280,3,480,15,2400,,,1,160,,,,,1,160,2,320,,,,,,,,,2,320,4,640,,,2,320,6,960,4,640,,,,,,,,,5,800,15,2400,2,320,,,,,,,,,,,,,,,,,,,1,160,,,1,160,5,800,,,,,,,,,,,,,3,480,2,320,,,,,,,149,23840
,25 KG,1,2750,,,2,5500,,,,,,,3,8250,,,,,,,,,,,,,,,1,2750,,,1,2750,1,2750,10,27500,,,2,5500,,,,,4,11000,,,,,,,1,2750,,,1,2750,,,,,,,,,1,2750,,,,,,,,,,,1,2750,,,,,,,,,6,16500,1,2750,1,2750,,,1,2750,1,2750,1,2750,,,1,2750,,,,,,,1,2750,,,,,1,2750,2,5500,,,,,1,2750,,,1,2750,,,,,1,2750,,,,,2,5500,,,,,1,2750,,,,,,,,,,,1,2750,,,,,,,,,4,11000,4,11000,1,2750,,,,,,,1,2750,,,,,,,,,,,1,2750,,,1,2750,,,,,1,2750,,,1,2750,1,2750,,,,,2,5500,1,2750,,,2,5500,5,13750,,,,,1,2750,,,,,,,,,,,,,1,2750,,,,,,,1,2750,1,2750,,,1,2750,,,,,,,3,8250,85,233750
,5 KG,,,,,2,1500,,,,,8,6000,3,2250,1,750,,,4,3000,,,1,750,,,,,1,750,,,2,1500,,,7,5250,1,750,1,750,,,,,13,9750,1,750,1,750,1,750,2,1500,,,19,14250,1,750,,,1,750,,,1,750,6,4500,,,3,2250,4,3000,1,750,,,,,1,750,,,1,750,1,750,3,2250,3,2250,1,750,5,3750,2,1500,,,2,1500,,,,,,,,,7,5250,,,3,2250,4,3000,5,3750,6,4500,2,1500,3,2250,5,3750,5,3750,,,,,,,,,4,3000,,,,,,,,,,,,,,,,,1,750,4,3000,1,750,1,750,1,750,13,9750,1,750,11,8250,,,3,2250,,,3,2250,1,750,,,7,5250,1,750,,,,,2,1500,,,1,750,1,750,2,1500,2,1500,5,3750,8,6000,3,2250,3,2250,1,750,2,1500,6,4500,,,,,7,5250,,,4,3000,4,3000,,,,,,,1,750,,,,,4,3000,,,2,1500,,,1,750,3,2250,,,,,1,750,,,,,4,3000,263,197250
VETRIMIX AD3E,,,,,,,,,,,,,,,,,,,,,,,,,,,,,,,,,,,,,,,,,,,,,,,,,,,,,,,,,,,,,,,,,,,,,,,,,,,,,,,,,,,,,,,,,,,,,,,,,,,,,,,,,,,,,,,,,,,,,,,,,,,,,,,,,,,,,,,,,,,,,,,,,,,,,,,,,,,,,,,,,,,,,,,,,,3,5400,,,,,,,,,,,,,,,,,,,,,,,,,,,,,,,,,,,,,,,,,,,,,,,,,,,,,,,,,,,,,,,,,,,,,,,,,,,,,,,,,,,,,,,,,,,,,,,,,,,,,3,5400
,1 KG,,,,,,,,,,,,,,,,,,,,,,,,,,,,,,,,,,,,,,,,,,,,,,,,,,,,,,,,,,,,,,,,,,,,,,,,,,,,,,,,,,,,,,,,,,,,,,,,,,,,,,,,,,,,,,,,,,,,,,,,,,,,,,,,,,,,,,,,,,,,,,,,,,,,,,,,,,,,,,,,,,,,,,,,,3,5400,,,,,,,,,,,,,,,,,,,,,,,,,,,,,,,,,,,,,,,,,,,,,,,,,,,,,,,,,,,,,,,,,,,,,,,,,,,,,,,,,,,,,,,,,,,,,,,,,,,,,3,5400
VETRIMIX BULL-KING,,,,,,1,1500,,,,,,,1,1500,5,7500,,,,,,,1,1500,,,,,5,7500,1,1500,,,1,1500,3,4500,,,,,2,3000,,,,,,,,,,,1,1500,,,2,3000,3,4500,1,1500,,,1,1500,,,,,2,3000,,,,,2,3000,,,,,5,7500,3,4500,,,,,7,10500,,,,,,,,,1,1500,,,,,,,,,3,4500,,,1,1500,,,,,2,3000,1,1500,,,1,1500,1,1500,2,3000,,,1,1500,,,,,1,1500,,,,,,,1,1500,,,,,,,,,,,,,,,1,1500,,,,,1,1500,,,,,3,4500,1,1500,,,1,1500,,,,,,,,,,,,,,,,,,,,,,,1,1500,,,,,,,1,1500,2,3000,6,9000,,,,,4,6000,,,1,1500,,,,,,,,,,,,,,,2,3000,,,,,2,3000,,,,,,,,,1,1500,,,,,,,89,133500
,5 KG,,,,,1,1500,,,,,,,1,1500,5,7500,,,,,,,1,1500,,,,,5,7500,1,1500,,,1,1500,3,4500,,,,,2,3000,,,,,,,,,,,1,1500,,,2,3000,3,4500,1,1500,,,1,1500,,,,,2,3000,,,,,2,3000,,,,,5,7500,3,4500,,,,,7,10500,,,,,,,,,1,1500,,,,,,,,,3,4500,,,1,1500,,,,,2,3000,1,1500,,,1,1500,1,1500,2,3000,,,1,1500,,,,,1,1500,,,,,,,1,1500,,,,,,,,,,,,,,,1,1500,,,,,1,1500,,,,,3,4500,1,1500,,,1,1500,,,,,,,,,,,,,,,,,,,,,,,1,1500,,,,,,,1,1500,2,3000,6,9000,,,,,4,6000,,,1,1500,,,,,,,,,,,,,,,2,3000,,,,,2,3000,,,,,,,,,1,1500,,,,,,,89,133500
VETRIMIX CLOSE UP,,2,2200,3,3300,1,1100,20,22000,,,9,9900,12,13200,21,23100,3,3300,1,1100,10,11000,7,7700,4,4400,,,6,6600,15,16500,13,14300,17,18700,14,15400,4,4400,8,8800,3,3300,1,1100,,,7,7700,12,13200,8,8800,3,3300,5,5500,20,22000,12,13200,2,2200,2,2200,3,3300,6,6600,13,14300,3,3300,8,8800,6,6600,5,5500,9,9900,1,1100,5,5500,2,2200,,,29,31900,9,9900,7,7700,9,9900,,,7,7700,22,24200,7,7700,14,15400,8,8800,2,2200,9,9900,12,13200,38,41800,37,40700,12,13200,8,8800,13,14300,7,7700,6,6600,6,6600,12,13200,10,11000,8,8800,6,6600,1,1100,11,12100,6,6600,49,53900,1,1100,6,6600,5,5500,5,5500,16,17600,,,15,16500,6,6600,2,2200,6,6600,7,7700,9,9900,11,12100,6,6600,3,3300,27,29700,2,2200,4,4400,3,3300,5,5500,8,8800,4,4400,5,5500,2,2200,4,4400,5,5500,38,41800,9,9900,24,26400,7,7700,13,14300,13,14300,13,14300,8,8800,30,33000,16,17600,6,6600,12,13200,13,14300,22,24200,,,8,8800,4,4400,12,13200,18,19800,1,1100,7,7700,2,2200,7,7700,5,5500,15,16500,14,15400,7,7700,17,18700,10,11000,12,13200,4,4400,1,1100,5,5500,8,8800,,,1219,1340900
,5 KG,2,2200,3,3300,1,1100,20,22000,,,9,9900,12,13200,21,23100,3,3300,1,1100,10,11000,7,7700,4,4400,,,6,6600,15,16500,13,14300,17,18700,14,15400,4,4400,8,8800,3,3300,1,1100,,,7,7700,12,13200,8,8800,3,3300,5,5500,20,22000,12,13200,2,2200,2,2200,3,3300,6,6600,13,14300,3,3300,8,8800,6,6600,5,5500,9,9900,1,1100,5,5500,2,2200,,,29,31900,9,9900,7,7700,9,9900,,,7,7700,22,24200,7,7700,14,15400,8,8800,2,2200,9,9900,12,13200,38,41800,37,40700,12,13200,8,8800,13,14300,7,7700,6,6600,6,6600,12,13200,10,11000,8,8800,6,6600,1,1100,11,12100,6,6600,49,53900,1,1100,6,6600,5,5500,5,5500,16,17600,,,15,16500,6,6600,2,2200,6,6600,7,7700,9,9900,11,12100,6,6600,3,3300,27,29700,2,2200,4,4400,3,3300,5,5500,8,8800,4,4400,5,5500,2,2200,4,4400,5,5500,38,41800,9,9900,24,26400,7,7700,13,14300,13,14300,13,14300,8,8800,30,33000,16,17600,6,6600,12,13200,13,14300,22,24200,,,8,8800,4,4400,12,13200,18,19800,1,1100,7,7700,2,2200,7,7700,5,5500,15,16500,14,15400,7,7700,17,18700,10,11000,12,13200,4,4400,1,1100,5,5500,8,8800,,,1219,1340900
VETRIMIX L,,,,,,2,1325,14,5400,,,6,1650,,,2,2100,,,2,1325,,,10,3525,,,1,275,1,275,1,275,2,550,5,4475,7,2700,4,1875,2,550,,,,,,,2,550,6,4750,1,275,3,825,,,9,4800,,,2,550,,,,,5,1375,2,550,10,5075,,,,,5,1700,,,,,5,1375,,,,,1,275,1,275,,,,,,,1,275,4,2650,2,550,,,6,2975,1,275,3,2375,23,10200,32,15775,2,1325,1,275,3,1600,,,7,3250,,,1,275,,,,,5,1700,,,,,2,2100,4,1875,,,1,275,5,2925,2,550,2,1325,,,,,3,3150,,,,,1,275,4,2650,4,1425,1,275,8,2975,,,17,7000,7,3475,1,1050,1,275,,,3,1600,1,275,2,550,,,7,2700,,,7,2700,,,8,3750,,,,,3,2375,2,550,,,,,,,1,275,,,1,275,3,825,,,3,825,,,2,1325,3,1600,,,1,275,,,4,1100,1,1050,2,550,2,2100,,,2,1325,4,1875,,,,,3,825,,,1,1050,2,550,333,154100
,1 LTR,,,,,1,275,12,3300,,,6,1650,,,,,,,1,275,,,9,2475,,,1,275,1,275,1,275,2,550,1,275,6,1650,3,825,2,550,,,,,,,2,550,2,550,1,275,3,825,,,6,1650,,,2,550,,,,,5,1375,2,550,7,1925,,,,,2,550,,,,,5,1375,,,,,1,275,1,275,,,,,,,1,275,2,550,2,550,,,3,825,1,275,1,275,18,4950,23,6325,1,275,1,275,2,550,,,4,1100,,,1,275,,,,,2,550,,,,,,,3,825,,,1,275,3,825,2,550,1,275,,,,,,,,,,,1,275,2,550,1,275,1,275,7,1925,,,14,3850,5,1375,,,1,275,,,2,550,1,275,2,550,,,6,1650,,,6,1650,,,6,1650,,,,,1,275,2,550,,,,,,,1,275,,,1,275,3,825,,,3,825,,,1,275,2,550,,,1,275,,,4,1100,,,2,550,,,,,1,275,3,825,,,,,3,825,,,,,2,550,242,66550
,100 ML,,,,,,,,,,,,,,,,,,,,,,,,,,,,,,,,,,,,,,,,,,,,,,,,,,,,,,,,,,,,,,,,,,,,,,,,,,,,,,,2,100,,,,,,,,,,,,,,,,,,,,,,,,,,,,,1,50,,,,,,,,,,,,,,,,,1,50,,,,,,,,,2,100,,,,,,,,,,,,,,,,,,,,,,,,,,,,,,,,,2,100,,,,,,,,,,,,,,,,,,,,,,,,,,,,,,,,,,,,,,,,,,,,,,,,,,,,,,,,,,,,,,,,,,,,,,,,,,,,,,,,,,,,,,,,,,,,,,,,,,,8,400
,5 LTR,,,,,1,1050,2,2100,,,,,,,2,2100,,,1,1050,,,1,1050,,,,,,,,,,,4,4200,1,1050,1,1050,,,,,,,,,,,4,4200,,,,,,,3,3150,,,,,,,,,,,,,3,3150,,,,,1,1050,,,,,,,,,,,,,,,,,,,,,,,2,2100,,,,,2,2100,,,2,2100,5,5250,9,9450,1,1050,,,1,1050,,,2,2100,,,,,,,,,1,1050,,,,,2,2100,1,1050,,,,,2,2100,,,1,1050,,,,,3,3150,,,,,,,2,2100,1,1050,,,1,1050,,,3,3150,2,2100,1,1050,,,,,1,1050,,,,,,,1,1050,,,1,1050,,,2,2100,,,,,2,2100,,,,,,,,,,,,,,,,,,,,,,,1,1050,1,1050,,,,,,,,,1,1050,,,2,2100,,,1,1050,1,1050,,,,,,,,,1,1050,,,83,87150
VETRIMIX LACTATION,,10,25100,2,4100,9,17300,36,80800,5,9100,22,56600,22,52000,33,84900,42,111400,9,12700,23,69000,26,51000,8,14100,5,9100,16,32800,37,60900,13,32400,36,57700,29,76700,2,4100,11,25300,6,10000,8,25600,12,38400,24,61500,22,42800,10,22800,11,28300,12,22300,13,18600,16,30500,4,12800,7,15500,12,33800,25,66200,23,38400,29,62900,11,21400,33,62700,25,41000,22,56600,3,5000,17,35300,29,51500,8,23300,42,97600,31,50900,15,38800,26,38900,1,900,10,22800,31,41700,29,65200,29,72100,12,20800,8,21000,4,10500,68,178500,9,19600,50,107100,32,94000,24,44600,20,34100,18,30100,26,61100,21,44200,21,38100,37,72400,9,17300,10,32000,4,8200,13,21700,14,26400,11,35200,2,1800,23,62100,12,20800,12,24600,25,70800,9,21900,20,37200,14,20300,6,14600,14,21800,13,32400,26,50300,12,24600,25,52400,12,26900,36,83000,13,32400,13,32400,16,28200,3,2700,24,63000,5,4500,13,32400,5,13700,20,41000,4,10500,62,168500,20,31800,66,165200,30,84500,26,48700,24,41000,17,29900,24,53800,56,82600,26,77900,23,34500,21,44200,8,16400,26,69400,10,32000,27,54200,6,19200,15,41100,21,48800,5,4500,9,11200,12,26900,17,37600,13,18600,14,24900,16,46600,7,17800,17,40700,16,48900,21,48800,9,19600,4,5900,25,61600,27,61100,11,16800,2511,5521600
,10 KG,,,,,,,3,5100,,,,,,,,,,,,,,,,,,,,,,,,,,,,,,,,,2,3400,,,,,,,1,1700,,,,,,,,,,,,,,,,,,,,,2,3400,,,,,1,1700,3,5100,,,,,2,3400,3,5100,,,,,,,,,5,8500,,,,,,,,,,,1,1700,,,,,,,,,,,1,1700,,,,,3,5100,4,6800,,,1,1700,,,,,,,,,1,1700,,,,,,,,,1,1700,,,,,,,1,1700,1,1700,,,,,,,2,3400,,,,,,,,,,,,,,,,,,,,,,,,,,,,,,,,,,,,,,,7,11900,1,1700,,,,,2,3400,,,,,,,,,,,,,,,,,,,,,1,1700,,,2,3400,,,1,1700,,,,,3,5100,,,,,,,,,,,,,,,55,93500
,25 KG,7,22400,1,3200,4,12800,20,64000,2,6400,16,51200,14,44800,24,76800,32,102400,2,6400,21,67200,12,38400,3,9600,2,6400,8,25600,12,38400,9,28800,11,35200,22,70400,1,3200,6,19200,2,6400,8,25600,12,38400,17,54400,10,32000,6,19200,8,25600,5,16000,3,9600,7,22400,4,12800,4,12800,10,32000,19,60800,7,22400,16,51200,5,16000,14,44800,7,22400,16,51200,1,3200,8,25600,10,32000,7,22400,26,83200,10,32000,11,35200,5,16000,,,6,19200,6,19200,17,54400,20,64000,4,12800,6,19200,3,9600,51,163200,5,16000,27,86400,28,89600,10,32000,7,22400,5,16000,15,48000,11,35200,8,25600,17,54400,4,12800,10,32000,2,6400,4,12800,6,19200,11,35200,,,18,57600,4,12800,6,19200,21,67200,6,19200,8,25600,3,9600,4,12800,4,12800,9,28800,11,35200,6,19200,13,41600,7,22400,22,70400,9,28800,9,28800,6,19200,,,18,57600,,,9,28800,4,12800,10,32000,3,9600,49,156800,6,19200,46,147200,25,80000,11,35200,6,19200,6,19200,14,44800,14,44800,23,73600,6,19200,11,35200,4,12800,20,64000,10,32000,13,41600,6,19200,12,38400,13,41600,,,1,3200,7,22400,9,28800,3,9600,5,16000,14,44800,5,16000,10,32000,15,48000,13,41600,5,16000,1,3200,17,54400,16,51200,3,9600,1399,4476800
,5 KG,3,2700,1,900,5,4500,13,11700,3,2700,6,5400,8,7200,9,8100,10,9000,7,6300,2,1800,14,12600,5,4500,3,2700,8,7200,25,22500,4,3600,25,22500,7,6300,1,900,3,2700,4,3600,,,,,6,5400,12,10800,4,3600,3,2700,7,6300,10,9000,9,8100,,,3,2700,2,1800,6,5400,14,12600,13,11700,6,5400,18,16200,15,13500,6,5400,2,1800,7,6300,16,14400,1,900,16,14400,21,18900,4,3600,16,14400,1,900,4,3600,25,22500,12,10800,9,8100,7,6300,2,1800,1,900,17,15300,4,3600,23,20700,3,2700,14,12600,13,11700,10,9000,7,6300,10,9000,12,10800,20,18000,5,4500,,,2,1800,8,7200,8,7200,,,2,1800,5,4500,7,6300,6,5400,4,3600,3,2700,11,9900,10,9000,2,1800,10,9000,4,3600,13,11700,6,5400,12,10800,5,4500,14,12600,4,3600,4,3600,10,9000,3,2700,6,5400,5,4500,4,3600,1,900,10,9000,1,900,13,11700,14,12600,20,18000,5,4500,15,13500,11,9900,10,9000,10,9000,42,37800,1,900,17,15300,10,9000,4,3600,6,5400,,,14,12600,,,3,2700,8,7200,5,4500,7,6300,5,4500,6,5400,10,9000,8,7200,2,1800,2,1800,4,3600,1,900,8,7200,4,3600,3,2700,8,7200,11,9900,8,7200,1057,951300
VETRIMIX SG,,,,,,,,,,,,,,,,,,,,,,,,,,,,,,,,,,,,,,,,,,,,,,,,,,,,,,,,,,,,,,,,,,,,,,,,,,,,,,,,,,,,,,,,,,,,,,,,,,,,,,,,,,,,,,,,,,,,,,,,,,,,,,,,,,,,,,,,,,,,,,,,,,,,,,,,,,,,,,,,,,1,1471,,,,,,,,,,,,,,,,,,,,,,,,,,,,,,,,,,,,,,,,,,,,,,,,,,,,,,,,,,,,,,,,,,,,,,,,,,,,,,,,,,,,,,,,,,,,,,,,,,,,,,,,,,,,,1,1471
,5 KG,,,,,,,,,,,,,,,,,,,,,,,,,,,,,,,,,,,,,,,,,,,,,,,,,,,,,,,,,,,,,,,,,,,,,,,,,,,,,,,,,,,,,,,,,,,,,,,,,,,,,,,,,,,,,,,,,,,,,,,,,,,,,,,,,,,,,,,,,,,,,,,,,,,,,,,,,,,,,,,,,1,1471,,,,,,,,,,,,,,,,,,,,,,,,,,,,,,,,,,,,,,,,,,,,,,,,,,,,,,,,,,,,,,,,,,,,,,,,,,,,,,,,,,,,,,,,,,,,,,,,,,,,,,,,,,,,,1,1471
VETRIVIT,,,,,,,,,,,,,,,,,,,,,,,,,,,,,,,,,,,,,,,,,,,,,,,,,,,,,,,,,,,,,,,,,,,,,,,,,,,,,,,,,,,,,,,,,,,,,,,,,,,,,,,,,,,,,,,,,,,,,,,,,,1,110,,,,,,,3,330,,,,,,,,,,,,,,,,,,,,,,,,,,,,,,,,,,,,,,,,,,,,,,,,,,,,,,,,,,,,,,,,,,,,,,,,,,,,,,,,,,,,,,,,,,,,,,,,,,,,,,,,,,,,,,,,,,,,,,,,,,,,,,,,,,,,,,,,,,,,,4,440
,100 ML,,,,,,,,,,,,,,,,,,,,,,,,,,,,,,,,,,,,,,,,,,,,,,,,,,,,,,,,,,,,,,,,,,,,,,,,,,,,,,,,,,,,,,,,,,,,,,,,,,,,,,,,,,,,,,,,,,,,,,,,,1,110,,,,,,,3,330,,,,,,,,,,,,,,,,,,,,,,,,,,,,,,,,,,,,,,,,,,,,,,,,,,,,,,,,,,,,,,,,,,,,,,,,,,,,,,,,,,,,,,,,,,,,,,,,,,,,,,,,,,,,,,,,,,,,,,,,,,,,,,,,,,,,,,,,,,,,,4,440
VIMIXO-H,,2,2120,,,,,16,11460,,,2,1120,5,4300,9,6540,1,560,,,2,1120,1,560,2,1120,1,560,3,3180,3,3180,6,5860,23,22880,1,1060,1,1060,2,1620,2,1620,,,,,,,,,1,1060,,,1,1060,1,0,,,2,1620,1,560,,,,,4,3240,1,560,4,3240,7,6420,3,1680,2,2120,,,1,560,,,,,8,5980,4,2740,3,2680,1,1060,1,1060,3,1680,1,560,1,560,,,1,560,,,1,560,,,9,7040,7,5420,2,1620,1,560,1,560,2,1620,,,,,,,,,,,,,,,1,1060,,,,,,,1,1060,,,,,,,,,2,1620,2,1120,,,,,,,9,6040,1,560,,,2,2120,4,2740,,,2,1620,1,560,,,4,2240,1,1060,,,,,3,2180,1,1060,2,689,1,560,3,2680,2,1120,1,560,3,2180,1,1060,,,6,4860,,,3,387,,,,,2,1120,,,,,4,2740,1,1060,3,2180,,,2,1620,,,,,4,3740,,,3,2680,,,3,2680,1,560,,,,,5,3800,4,2740,6,3360,,,250,193716
,100 ML,,,,,,,,,,,,,,,,,,,,,,,,,,,,,,,,,,,,,,,,,,,,,,,,,,,,,,,,,,,1,0,,,,,,,,,,,,,,,,,,,,,,,,,,,,,,,,,,,,,,,,,,,,,,,,,,,,,,,,,,,,,,,,,,,,,,,,,,,,,,,,,,,,,,,,,,,,,,,,,,,,,,,,,,,,,,,,,,,,,,,,,,,,,,,,,,,,,,,,,,,,,1,129,,,,,,,,,,,,,,,,,,,3,387,,,,,,,,,,,,,,,,,,,,,,,,,,,,,,,,,,,,,,,,,,,,,,,,,5,516
,1LTR,2,2120,,,,,5,5300,,,,,3,3180,3,3180,,,,,,,,,,,,,3,3180,3,3180,5,5300,20,21200,1,1060,1,1060,1,1060,1,1060,,,,,,,,,1,1060,,,1,1060,,,,,1,1060,,,,,,,2,2120,,,2,2120,5,5300,,,2,2120,,,,,,,,,3,3180,1,1060,2,2120,1,1060,1,1060,,,,,,,,,,,,,,,,,4,4240,3,3180,1,1060,,,,,1,1060,,,,,,,,,,,,,,,1,1060,,,,,,,1,1060,,,,,,,,,1,1060,,,,,,,,,2,2120,,,,,2,2120,1,1060,,,1,1060,,,,,,,1,1060,,,,,1,1060,1,1060,,,,,2,2120,,,,,1,1060,1,1060,,,3,3180,,,,,,,,,,,,,,,1,1060,1,1060,1,1060,,,1,1060,,,,,3,3180,,,2,2120,,,2,2120,,,,,,,2,2120,1,1060,,,,,112,118720
,500 ML,,,,,,,11,6160,,,2,1120,2,1120,6,3360,1,560,,,2,1120,1,560,2,1120,1,560,,,,,1,560,3,1680,,,,,1,560,1,560,,,,,,,,,,,,,,,,,,,1,560,1,560,,,,,2,1120,1,560,2,1120,2,1120,3,1680,,,,,1,560,,,,,5,2800,3,1680,1,560,,,,,3,1680,1,560,1,560,,,1,560,,,1,560,,,5,2800,4,2240,1,560,1,560,1,560,1,560,,,,,,,,,,,,,,,,,,,,,,,,,,,,,,,,,1,560,2,1120,,,,,,,7,3920,1,560,,,,,3,1680,,,1,560,1,560,,,4,2240,,,,,,,2,1120,,,1,560,1,560,1,560,2,1120,1,560,2,1120,,,,,3,1680,,,,,,,,,2,1120,,,,,3,1680,,,2,1120,,,1,560,,,,,1,560,,,1,560,,,1,560,1,560,,,,,3,1680,3,1680,6,3360,,,133,74480
Grand Total,,54,53585,78,47585,124,80095,355,285050,9,10270,148,124130,190,162190,187,202305,60,123830,59,50460,98,122475,115,100740,95,64345,23,18080,133,110450,266,200210,145,110530,334,201645,282,250015,69,51870,128,82435,74,51860,26,33640,113,100190,109,113395,164,127740,47,50635,35,48525,128,94080,370,207705,320,206120,45,30135,80,56585,73,72060,232,181016,223,159550,160,133190,121,85985,319,200520,146,97005,107,131205,8,7740,129,100275,102,109000,26,34510,372,300025,145,128160,106,101315,125,100720,34,14390,95,83525,248,180640,150,126908,139,169925,99,80410,49,48970,109,61610,382,375760,624,201805,394,308905,168,170355,199,153625,164,157600,120,84040,129,125085,148,120790,205,137155,122,125470,103,67135,71,63265,30,20755,150,105760,134,88350,351,217470,16,7705,212,171515,59,46585,57,56440,147,152895,57,53245,214,150331,162,100225,31,32590,175,121200,131,100225,287,175185,208,134635,197,150620,121,87075,356,293005,98,71697,73,62605,107,85620,42,20545,93,104580,35,19340,97,84120,80,50150,129,110610,63,42755,450,400383,101,101100,311,352210,127,140540,141,135405,285,180005,143,116100,210,151805,308,260670,170,174650,246,181727,104,107785,105,84520,462,280785,36,42920,107,105165,119,81275,203,151505,132,116580,35,18975,165,100040,24,38070,59,65705,155,110630,133,95630,105,106680,53,53620,130,133490,273,175400,71,88775,128,100060,84,43115,304,195790,184,147405,86,59405,20270,15988302
